CustomerID,TotalSpent,TotalOrders,Cluster
12346.0,0.0,2,0
12347.0,4310.0,182,0
12348.0,1797.24,31,0
12349.0,1757.55,73,0
12350.0,334.4,17,0
12352.0,1545.41,95,0
12353.0,89.0,4,0
12354.0,1079.4,58,0
12355.0,459.4,13,0
12356.0,2811.43,59,0
12357.0,6207.67,131,0
12358.0,1168.06,19,0
12359.0,6245.53,254,2
12360.0,2662.06,129,0
12361.0,189.9,10,0
12362.0,5154.58,274,2
12363.0,552.0,23,0
12364.0,1313.1,85,0
12365.0,320.69,23,0
12367.0,168.9,11,0
12370.0,3545.69,167,0
12371.0,1887.96,63,0
12372.0,1298.04,52,0
12373.0,364.6,14,0
12374.0,742.9300000000001,33,0
12375.0,455.42,18,0
12377.0,1628.12,77,0
12378.0,4008.62,219,0
12379.0,850.29,41,0
12380.0,2720.56,105,0
12381.0,1803.96,91,0
12383.0,1839.31,100,0
12384.0,566.16,30,0
12386.0,401.9,10,0
12388.0,2780.66,100,0
12390.0,549.84,32,0
12391.0,460.89,100,0
12393.0,1582.6000000000001,64,0
12394.0,1272.48,27,0
12395.0,2998.28,159,0
12397.0,2409.9,126,0
12398.0,1635.6599999999999,85,0
12399.0,1108.65,59,0
12401.0,84.3,5,0
12402.0,225.6,11,0
12403.0,409.7,6,0
12405.0,1710.39,54,0
12406.0,3280.75,108,0
12407.0,1708.1200000000001,77,0
12408.0,2842.57,113,0
12409.0,11056.93,114,0
12410.0,681.0799999999999,28,0
12412.0,1226.88,61,0
12413.0,694.15,40,0
12414.0,562.41,18,0
12415.0,123725.45,778,4
12417.0,3578.8,198,0
12418.0,668.58,34,0
12420.0,600.39,29,0
12421.0,806.27,46,0
12422.0,803.5600000000001,39,0
12423.0,1849.11,126,0
12424.0,1760.96,30,0
12425.0,777.2,36,0
12426.0,582.73,30,0
12427.0,708.37,35,0
12428.0,7877.2,300,2
12429.0,3750.4,97,0
12430.0,256.4,11,0
12431.0,6416.39,240,2
12432.0,5059.32,108,0
12433.0,13375.87,420,2
12434.0,765.19,54,0
12435.0,7829.89,36,0
12436.0,509.01,16,0
12437.0,4896.66,201,0
12438.0,2906.85,98,0
12441.0,173.55,11,0
12442.0,172.06,12,0
12444.0,5005.46,177,0
12445.0,133.4,4,0
12446.0,1002.3100000000001,58,0
12447.0,476.49,26,0
12448.0,449.45,22,0
12449.0,4067.29,191,0
12450.0,197.88,8,0
12451.0,8933.52,355,2
12452.0,428.57,23,0
12453.0,707.09,43,0
12454.0,5.684341886080802e-14,30,0
12455.0,2466.86,90,0
12456.0,3153.89,129,0
12457.0,1917.78,68,0
12458.0,947.4,38,0
12461.0,826.88,35,0
12462.0,1124.01,72,0
12463.0,1303.63,88,0
12464.0,1212.05,29,0
12465.0,733.89,51,0
12468.0,724.0400000000001,40,0
12471.0,18740.92,531,2
12472.0,6229.48,391,2
12473.0,2848.23,179,0
12474.0,7116.47,457,2
12475.0,723.38,36,0
12476.0,6546.58,264,2
12477.0,13117.01,308,2
12478.0,680.99,36,0
12479.0,477.3,35,0
12480.0,3281.63,154,0
12481.0,5590.86,218,2
12483.0,2327.13,81,0
12484.0,4495.27,350,2
12488.0,1298.66,55,0
12489.0,334.93,15,0
12490.0,5417.93,245,2
12491.0,460.40000000000003,26,0
12492.0,263.21000000000004,20,0
12493.0,416.79,23,0
12494.0,1139.3500000000001,84,0
12497.0,1043.1,14,0
12498.0,403.70000000000005,23,0
12500.0,4206.27,65,0
12501.0,2089.68,160,0
12502.0,3723.87,147,0
12503.0,-1126.0,1,0
12504.0,114.0,15,0
12505.0,-4.5,1,0
12506.0,73.5,23,0
12507.0,1258.06,23,0
12508.0,398.27,69,0
12509.0,176.5,7,0
12510.0,982.5699999999999,33,0
12512.0,138.03,34,0
12513.0,586.79,36,0
12514.0,1017.68,51,0
12515.0,383.7,16,0
12516.0,1312.06,26,0
12517.0,2464.89,286,2
12518.0,2056.89,124,0
12519.0,340.84,18,0
12520.0,2582.51,155,0
12521.0,599.68,38,0
12522.0,192.72,12,0
12523.0,1745.57,110,0
12524.0,4485.72,144,0
12526.0,1316.66,71,0
12527.0,348.71000000000004,18,0
12528.0,1922.28,95,0
12530.0,1623.63,68,0
12531.0,125.22,17,0
12532.0,349.83000000000004,16,0
12534.0,1089.18,63,0
12535.0,716.35,34,0
12536.0,4106.82,273,2
12538.0,363.95,21,0
12539.0,3852.5,274,2
12540.0,13309.039999999999,481,2
12541.0,981.18,52,0
12544.0,355.7,20,0
12545.0,1000.39,50,0
12546.0,1141.5,70,0
12547.0,207.79999999999998,8,0
12548.0,95.19999999999999,5,0
12550.0,964.83,57,0
12551.0,168.0,10,0
12552.0,437.82,20,0
12553.0,3652.25,196,0
12556.0,603.71,121,0
12557.0,11990.960000000001,33,0
12558.0,1.0658141036401503e-14,22,0
12559.0,536.21,22,0
12560.0,2101.39,111,0
12561.0,238.85,16,0
12562.0,3781.7400000000002,168,0
12564.0,456.9,21,0
12565.0,131.17,10,0
12566.0,346.7,20,0
12567.0,9114.94,463,2
12569.0,4064.9900000000002,191,0
12571.0,519.61,34,0
12572.0,1004.72,62,0
12573.0,160.54000000000002,28,0
12574.0,218.45,11,0
12576.0,1306.98,89,0
12577.0,595.4,148,0
12578.0,2753.36,120,0
12579.0,410.72,31,0
12580.0,415.7,24,0
12581.0,197.71,15,0
12582.0,511.36,22,0
12583.0,7187.34,251,2
12584.0,1893.95,126,0
12585.0,1982.81,97,0
12586.0,179.94000000000003,12,0
12587.0,144.0,4,0
12588.0,214.89999999999998,10,0
12589.0,646.68,35,0
12590.0,9861.38,70,0
12591.0,452.84999999999997,26,0
12592.0,437.6,18,0
12593.0,418.09999999999997,21,0
12594.0,3320.2200000000003,119,0
12596.0,618.27,27,0
12597.0,3683.13,214,0
12598.0,3002.68,133,0
12599.0,1032.58,62,0
12600.0,2581.04,65,0
12601.0,569.5600000000001,29,0
12602.0,153.12,12,0
12603.0,739.1999999999999,3,0
12604.0,254.18,16,0
12605.0,-7.5,3,0
12607.0,3.552713678800501e-15,202,0
12609.0,1126.85,60,0
12610.0,2057.99,111,0
12611.0,1193.32,65,0
12612.0,643.59,21,0
12613.0,3218.98,163,0
12614.0,315.6,20,0
12615.0,2291.19,105,0
12616.0,657.25,36,0
12617.0,355.53,42,0
12618.0,177.31,11,0
12619.0,3214.81,95,0
12620.0,1339.41,92,0
12621.0,13612.07,474,2
12622.0,180.1,11,0
12623.0,305.1,18,0
12624.0,641.13,38,0
12625.0,2614.32,91,0
12626.0,6388.35,307,2
12627.0,4478.53,230,2
12628.0,769.61,43,0
12630.0,1270.88,64,0
12631.0,640.5,31,0
12633.0,2140.63,103,0
12635.0,1689.18,101,0
12637.0,5953.25,394,2
12638.0,671.69,39,0
12639.0,486.1,22,0
12640.0,1174.58,53,0
12641.0,185.9,10,0
12642.0,1013.26,47,0
12643.0,3344.64,24,0
12644.0,477.91,31,0
12645.0,1755.38,74,0
12646.0,1346.97,45,0
12647.0,3669.92,128,0
12648.0,318.05,21,0
12649.0,603.71,33,0
12650.0,314.44,20,0
12651.0,114.0,9,0
12652.0,914.53,51,0
12653.0,2209.85,43,0
12654.0,601.98,38,0
12656.0,3982.72,130,0
12657.0,1152.06,56,0
12658.0,686.05,36,0
12659.0,91.68,5,0
12660.0,245.1,13,0
12662.0,3817.08,232,2
12664.0,4863.88,38,0
12665.0,61.75,4,0
12666.0,-227.44,2,0
12667.0,620.13,33,0
12668.0,3743.18,168,0
12669.0,1607.73,102,0
12670.0,2986.15,94,0
12672.0,225.89999999999998,10,0
12673.0,610.52,42,0
12674.0,1919.31,91,0
12676.0,1331.39,45,0
12678.0,17588.26,167,2
12679.0,1058.67,56,0
12680.0,862.81,52,0
12681.0,13677.59,646,2
12682.0,12288.22,525,2
12683.0,8221.09,362,2
12684.0,2283.63,105,0
12685.0,2863.08,157,0
12686.0,89.14,7,0
12688.0,4873.8099999999995,171,0
12689.0,1247.61,72,0
12690.0,389.01,16,0
12691.0,1035.8,32,0
12693.0,830.96,41,0
12694.0,869.67,37,0
12695.0,582.1,27,0
12697.0,939.02,43,0
12700.0,4867.99,270,2
12701.0,797.71,53,0
12702.0,219.0,12,0
12703.0,274.7,22,0
12704.0,2220.84,90,0
12705.0,6814.24,348,2
12707.0,603.42,33,0
12708.0,2616.32,174,0
12709.0,9294.1,257,2
12710.0,1130.57,79,0
12712.0,4241.63,142,0
12713.0,848.55,38,0
12714.0,4708.86,259,2
12715.0,353.86,21,0
12716.0,1053.49,69,0
12717.0,980.98,56,0
12718.0,238.25,19,0
12719.0,608.1,42,0
12720.0,5713.28,359,2
12721.0,2628.98,164,0
12722.0,904.33,57,0
12723.0,725.07,69,0
12724.0,1031.41,53,0
12725.0,427.8,24,0
12726.0,2609.1,124,0
12727.0,3947.7,141,0
12728.0,836.33,46,0
12729.0,453.01,26,0
12731.0,18793.41,277,2
12732.0,236.26000000000002,12,0
12733.0,383.95,22,0
12734.0,110.39999999999999,4,0
12735.0,779.5699999999999,43,0
12736.0,234.0,4,0
12738.0,155.35,11,0
12739.0,1013.04,38,0
12740.0,427.6,27,0
12743.0,546.43,134,0
12744.0,9120.39,229,2
12747.0,4196.01,103,0
12748.0,29072.1,4642,1
12749.0,3868.2,231,2
12750.0,275.88,15,0
12752.0,4366.78,53,0
12753.0,21024.01,230,2
12754.0,2949.12,65,0
12755.0,2203.2,6,0
12756.0,112.07999999999998,4,0
12757.0,4227.7,377,2
12758.0,2791.59,97,0
12759.0,1531.44,95,0
12762.0,1898.52,69,0
12763.0,494.08,18,0
12764.0,1693.88,45,0
12766.0,6989.63,310,2
12769.0,1143.6,32,0
12770.0,1351.45,12,0
12772.0,892.47,55,0
12775.0,1351.24,67,0
12778.0,804.23,51,0
12779.0,3868.7,159,0
12781.0,707.72,30,0
12782.0,2273.32,107,0
12783.0,1603.87,86,0
12784.0,574.42,59,0
12785.0,305.71,15,0
12787.0,463.66,20,0
12789.0,91.85,4,0
12790.0,324.92,21,0
12791.0,192.60000000000002,2,0
12792.0,400.53999999999996,25,0
12793.0,545.48,24,0
12794.0,860.41,45,0
12795.0,430.48,14,0
12797.0,194.18,17,0
12798.0,6977.04,8,0
12802.0,412.58,26,0
12808.0,483.65000000000003,28,0
12809.0,484.36,26,0
12811.0,514.85,31,0
12812.0,229.64000000000001,15,0
12814.0,125.92,2,0
12815.0,1063.46,47,0
12816.0,572.2,29,0
12817.0,166.04,4,0
12818.0,1517.88,16,0
12820.0,942.34,59,0
12821.0,92.72,6,0
12822.0,918.98,47,0
12823.0,1759.5,5,0
12824.0,397.12,25,0
12826.0,1468.1200000000001,94,0
12827.0,430.15000000000003,25,0
12828.0,1018.71,56,0
12829.0,253.05,12,0
12830.0,6748.4,39,0
12831.0,215.05,9,0
12832.0,383.03,27,0
12833.0,417.38,24,0
12834.0,312.38,18,0
12836.0,2612.86,175,0
12837.0,134.1,12,0
12838.0,683.13,123,0
12839.0,5583.62,316,2
12840.0,2714.27,116,0
12841.0,3876.4,439,2
12842.0,1118.99,34,0
12843.0,1680.76,108,0
12844.0,325.96000000000004,52,0
12845.0,354.09,27,0
12847.0,871.54,91,0
12849.0,1050.8899999999999,51,0
12851.0,135.18,50,0
12852.0,299.75,20,0
12853.0,1881.7,84,0
12854.0,1289.15,115,0
12855.0,38.1,3,0
12856.0,2162.68,317,2
12857.0,1106.4,46,0
12863.0,504.2,6,0
12864.0,147.12,3,0
12865.0,1548.07,96,0
12866.0,559.12,26,0
12867.0,3986.22,551,2
12868.0,1607.0600000000002,107,0
12870.0,-14.899999999999999,2,0
12871.0,380.64,11,0
12872.0,599.97,66,0
12873.0,374.0,4,0
12875.0,343.2300000000001,2,0
12876.0,2218.02,85,0
12877.0,1535.77,154,0
12878.0,841.64,49,0
12879.0,552.5699999999999,12,0
12881.0,298.0,7,0
12882.0,1463.04,13,0
12883.0,703.47,42,0
12884.0,309.05,7,0
12885.0,1158.27,72,0
12886.0,1351.09,86,0
12888.0,313.77,7,0
12890.0,380.46999999999997,82,0
12891.0,331.0,3,0
12893.0,188.14,34,0
12895.0,347.3,24,0
12897.0,216.5,4,0
12901.0,16293.1,125,2
12902.0,138.68,10,0
12904.0,509.58,72,0
12906.0,2919.81,63,0
12908.0,246.0,4,0
12909.0,2128.83,96,0
12910.0,3075.04,75,0
12912.0,1662.3,24,0
12913.0,2483.63,50,0
12915.0,363.65,22,0
12916.0,2982.35,109,0
12917.0,594.0,2,0
12919.0,1301.44,52,0
12920.0,164.23,28,0
12921.0,16389.74,741,2
12922.0,405.38,28,0
12923.0,176.97,29,0
12924.0,929.95,31,0
12925.0,694.05,45,0
12928.0,2062.7000000000003,84,0
12929.0,105.1,9,0
12930.0,409.9,27,0
12931.0,33462.81,102,2
12933.0,606.28,107,0
12935.0,2156.45,130,0
12936.0,1012.9,63,0
12937.0,1504.27,120,0
12938.0,114.14,9,0
12939.0,11581.8,47,0
12940.0,876.29,103,0
12942.0,683.9,75,0
12943.0,-3.75,1,0
12944.0,604.51,30,0
12945.0,462.95,23,0
12947.0,1407.29,103,0
12948.0,2053.7,118,0
12949.0,4143.02,219,2
12950.0,1843.0,23,0
12951.0,1042.07,65,0
12952.0,1382.8400000000001,80,0
12953.0,329.85,17,0
12955.0,4734.26,183,0
12956.0,108.07,19,0
12957.0,3979.04,244,2
12962.0,266.39,16,0
12963.0,1841.03,96,0
12965.0,771.91,109,0
12966.0,160.18,10,0
12967.0,1194.75,33,0
12968.0,135.95,5,0
12970.0,452.24,151,0
12971.0,10930.26,308,2
12974.0,144.8,8,0
12976.0,738.6,22,0
12977.0,39.239999999999995,9,0
12980.0,7092.06,24,0
12981.0,372.21999999999997,20,0
12982.0,377.2,34,0
12984.0,97.5,4,0
12985.0,1215.6200000000001,78,0
12987.0,545.0,30,0
12988.0,535.32,92,0
12989.0,6854.51,68,0
12990.0,409.5,13,0
12991.0,503.76,31,0
12993.0,414.76,27,0
12994.0,902.22,73,0
12995.0,200.72,5,0
12997.0,1197.94,67,0
12999.0,455.88,28,0
13000.0,534.85,31,0
13001.0,9797.92,342,2
13002.0,120.94999999999999,7,0
13003.0,149.05,6,0
13004.0,5613.43,409,2
13005.0,468.95,29,0
13006.0,81.57,4,0
13008.0,178.46999999999997,15,0
13011.0,50.550000000000004,3,0
13012.0,1311.6200000000001,107,0
13013.0,4786.99,222,2
13014.0,3365.43,124,0
13015.0,3346.28,176,0
13016.0,789.89,47,0
13017.0,204.0,1,0
13018.0,7272.75,459,2
13021.0,2584.4,134,0
13023.0,689.9,40,0
13026.0,936.15,43,0
13027.0,6912.0,26,0
13028.0,659.68,47,0
13029.0,1247.5,10,0
13030.0,799.48,99,0
13032.0,996.52,75,0
13033.0,190.55,11,0
13034.0,642.77,37,0
13035.0,886.63,30,0
13037.0,881.07,48,0
13038.0,908.46,28,0
13040.0,676.99,43,0
13043.0,471.57,14,0
13044.0,560.47,33,0
13045.0,305.28000000000003,18,0
13046.0,629.31,35,0
13047.0,3079.1,196,0
13048.0,1805.91,137,0
13049.0,656.6800000000001,14,0
13050.0,5684.61,422,2
13052.0,348.15000000000003,18,0
13055.0,1201.96,78,0
13058.0,271.40000000000003,8,0
13059.0,183.4,8,0
13060.0,307.53,15,0
13061.0,248.61,10,0
13062.0,346.98,11,0
13064.0,1119.49,69,0
13065.0,205.86,14,0
13066.0,430.9,49,0
13067.0,115.46000000000001,15,0
13068.0,344.0,2,0
13069.0,3717.82,470,2
13070.0,228.8,9,0
13072.0,177.15,7,0
13075.0,919.61,22,0
13077.0,729.27,112,0
13078.0,12432.28,380,2
13079.0,220.10000000000002,6,0
13080.0,58.08,6,0
13081.0,27964.48,1061,2
13082.0,3595.48,75,0
13083.0,303.75,18,0
13085.0,272.38,29,0
13089.0,57385.88,1857,4
13090.0,8689.39,161,2
13091.0,319.82,24,0
13092.0,459.83,26,0
13093.0,7741.47,170,2
13094.0,1708.8600000000001,30,0
13095.0,74.39999999999999,6,0
13097.0,5893.32,437,2
13098.0,28658.88,605,2
13099.0,207.35999999999999,1,0
13101.0,101.19,8,0
13102.0,6336.29,310,2
13103.0,243.94,8,0
13104.0,1098.48,20,0
13106.0,59.5,2,0
13107.0,1524.07,60,0
13108.0,350.06,10,0
13109.0,766.84,50,0
13110.0,1452.8700000000001,146,0
13113.0,10510.0,280,2
13115.0,2205.63,132,0
13116.0,485.19,31,0
13117.0,984.91,76,0
13118.0,1125.0,82,0
13120.0,30.599999999999998,1,0
13121.0,254.73,53,0
13122.0,922.39,55,0
13124.0,3866.33,235,2
13126.0,2056.29,142,0
13127.0,259.17,15,0
13130.0,64.0,2,0
13131.0,1039.3,46,0
13132.0,77.3,3,0
13133.0,109.8,7,0
13134.0,1740.63,105,0
13135.0,3096.0,1,0
13136.0,2545.38,139,0
13137.0,3605.08,705,2
13138.0,962.39,63,0
13139.0,5055.79,174,0
13140.0,423.72,46,0
13141.0,2385.8,136,0
13142.0,307.09,23,0
13144.0,110.95,3,0
13145.0,614.77,7,0
13146.0,228.91,17,0
13147.0,712.8000000000001,4,0
13148.0,3348.48,347,2
13149.0,1676.06,86,0
13151.0,1250.3700000000001,75,0
13153.0,486.22,15,0
13154.0,-611.86,1,0
13155.0,971.76,85,0
13157.0,1721.57,89,0
13158.0,1201.06,79,0
13159.0,1379.75,122,0
13160.0,91.8,4,0
13161.0,112.75,8,0
13162.0,1644.99,82,0
13165.0,1021.48,42,0
13166.0,414.7,42,0
13167.0,791.33,65,0
13168.0,1310.14,133,0
13169.0,712.88,13,0
13170.0,116.00999999999999,32,0
13171.0,426.81,48,0
13173.0,353.65,43,0
13174.0,2817.03,314,2
13176.0,492.84,72,0
13177.0,282.45,17,0
13178.0,5725.47,265,2
13182.0,121.18,11,0
13183.0,3957.78,94,0
13184.0,1648.79,183,0
13185.0,71.4,1,0
13186.0,1539.69,84,0
13187.0,236.02,37,0
13188.0,114.60000000000001,2,0
13189.0,260.68,29,0
13192.0,911.94,63,0
13193.0,117.88,29,0
13194.0,60.7,3,0
13196.0,1797.78,110,0
13198.0,3384.09,229,2
13199.0,9803.96,120,0
13200.0,870.09,46,0
13203.0,869.46,57,0
13207.0,250.26000000000002,8,0
13208.0,1205.9,150,0
13209.0,5820.16,329,2
13210.0,353.48,22,0
13211.0,1197.42,56,0
13212.0,780.58,143,0
13213.0,1518.43,92,0
13216.0,333.74,5,0
13217.0,133.62,7,0
13218.0,62.63999999999999,5,0
13220.0,819.2900000000001,21,0
13221.0,847.41,66,0
13223.0,163.20000000000002,5,0
13224.0,2150.85,109,0
13225.0,6083.04,34,0
13226.0,108.21000000000001,16,0
13227.0,257.7,9,0
13228.0,358.0,2,0
13229.0,160.95,10,0
13230.0,2763.41,612,2
13232.0,1357.6,207,0
13233.0,605.12,43,0
13235.0,101.17000000000007,59,0
13236.0,727.27,39,0
13238.0,680.83,32,0
13239.0,329.56,22,0
13240.0,663.65,67,0
13242.0,270.40000000000003,13,0
13243.0,600.07,58,0
13244.0,121.74000000000001,27,0
13245.0,430.5,16,0
13246.0,1922.1,143,0
13247.0,501.12,25,0
13248.0,465.68,26,0
13249.0,711.41,23,0
13253.0,1030.4,36,0
13255.0,390.66,14,0
13256.0,0.0,1,0
13258.0,698.58,38,0
13259.0,292.32,87,0
13260.0,557.62,8,0
13261.0,944.1,9,0
13262.0,200.29,11,0
13263.0,7454.07,1677,2
13265.0,2107.66,91,0
13266.0,3717.67,202,0
13267.0,4404.44,224,2
13268.0,3167.64,447,2
13269.0,5315.92,320,2
13270.0,590.0,1,0
13271.0,178.26,101,0
13272.0,276.56,15,0
13273.0,138.98,16,0
13276.0,590.9300000000001,30,0
13277.0,258.4,8,0
13278.0,542.73,46,0
13279.0,126.30000000000001,11,0
13280.0,814.86,85,0
13282.0,1047.8400000000001,40,0
13283.0,93.66,7,0
13284.0,196.15,14,0
13285.0,2709.12,187,0
13291.0,361.11,42,0
13292.0,578.9399999999999,31,0
13294.0,873.74,54,0
13295.0,197.95000000000002,11,0
13296.0,87.4,5,0
13297.0,2089.85,59,0
13298.0,360.0,2,0
13299.0,142.5,5,0
13300.0,365.29,22,0
13301.0,618.09,81,0
13302.0,63.75,1,0
13304.0,300.42,21,0
13305.0,2000.86,81,0
13307.0,15.0,1,0
13308.0,1367.6100000000001,57,0
13309.0,1456.79,107,0
13310.0,1083.63,77,0
13311.0,598.57,26,0
13313.0,1555.32,78,0
13314.0,578.66,75,0
13316.0,5815.49,88,0
13317.0,2140.07,135,0
13318.0,640.76,20,0
13319.0,10664.34,500,2
13320.0,1491.7,110,0
13321.0,567.36,11,0
13322.0,199.48000000000002,25,0
13323.0,787.85,21,0
13324.0,7072.8,77,0
13325.0,675.3,12,0
13327.0,3617.57,109,0
13328.0,1308.48,17,0
13329.0,740.4,19,0
13330.0,1140.93,53,0
13332.0,350.9,21,0
13334.0,3536.82,268,2
13336.0,795.12,51,0
13338.0,431.82,24,0
13339.0,860.12,54,0
13340.0,10736.48,134,2
13341.0,775.85,42,0
13343.0,303.93,22,0
13344.0,2543.72,119,0
13345.0,377.6,22,0
13347.0,341.36,8,0
13348.0,233.76,14,0
13349.0,247.32,16,0
13350.0,910.72,43,0
13351.0,373.94,16,0
13352.0,389.28,27,0
13354.0,743.53,51,0
13355.0,674.7,32,0
13356.0,768.24,42,0
13357.0,609.95,90,0
13358.0,439.03,29,0
13359.0,431.26,24,0
13362.0,3085.4900000000002,169,0
13363.0,992.5,60,0
13364.0,0.0,20,0
13365.0,2191.22,132,0
13366.0,56.160000000000004,1,0
13368.0,623.4,29,0
13369.0,263.75,19,0
13370.0,721.32,44,0
13372.0,378.64,23,0
13373.0,3312.25,158,0
13375.0,772.9,38,0
13376.0,1019.76,53,0
13379.0,572.56,97,0
13381.0,3626.81,173,0
13382.0,222.99,15,0
13384.0,4122.28,155,0
13385.0,534.57,35,0
13388.0,627.15,36,0
13389.0,797.96,51,0
13390.0,544.08,13,0
13391.0,59.8,1,0
13394.0,2312.8,164,0
13395.0,307.72,21,0
13396.0,1325.29,47,0
13397.0,1539.18,39,0
13398.0,457.34,26,0
13402.0,621.23,39,0
13403.0,75.0,3,0
13404.0,252.49,11,0
13405.0,572.451,27,0
13408.0,27487.41,501,2
13410.0,988.91,30,0
13411.0,213.55,18,0
13414.0,1390.5,24,0
13416.0,712.5,19,0
13417.0,640.83,28,0
13418.0,5845.44,314,2
13419.0,221.06,16,0
13420.0,140.35,10,0
13421.0,1848.98,105,0
13422.0,2601.55,128,0
13425.0,1624.21,78,0
13426.0,3550.7000000000003,159,0
13427.0,582.6,29,0
13428.0,218.47,74,0
13429.0,1006.8,67,0
13430.0,648.6899999999999,54,0
13431.0,1269.1,46,0
13434.0,534.24,10,0
13435.0,3794.4900000000002,103,0
13436.0,196.89,12,0
13437.0,3408.06,167,0
13439.0,283.71,54,0
13441.0,296.64,13,0
13447.0,1104.23,62,0
13448.0,3465.67,199,0
13449.0,291.88,19,0
13450.0,2043.7199999999998,71,0
13451.0,2916.45,444,2
13452.0,590.0,2,0
13453.0,356.97999999999996,17,0
13455.0,1007.35,53,0
13456.0,1737.8200000000002,65,0
13458.0,9537.92,394,2
13460.0,183.44,17,0
13461.0,1445.0,27,0
13462.0,143.25,10,0
13464.0,674.68,41,0
13466.0,297.95,18,0
13467.0,1083.71,99,0
13468.0,5656.75,306,2
13470.0,165.0,10,0
13471.0,2531.58,260,2
13473.0,417.54,22,0
13474.0,229.59,64,0
13475.0,1431.78,86,0
13476.0,1092.77,61,0
13477.0,1441.53,81,0
13479.0,291.0,16,0
13481.0,1776.81,112,0
13482.0,184.64,11,0
13483.0,140.34,10,0
13484.0,313.8,8,0
13485.0,454.24,23,0
13486.0,1122.41,69,0
13487.0,575.4,34,0
13488.0,8910.61,427,2
13489.0,449.52,14,0
13491.0,1215.82,86,0
13492.0,1269.84,50,0
13493.0,618.63,8,0
13494.0,316.26000000000005,18,0
13495.0,1990.1200000000001,52,0
13496.0,617.93,36,0
13497.0,321.05,20,0
13499.0,1146.96,45,0
13500.0,1136.77,67,0
13501.0,1310.47,53,0
13502.0,292.0,18,0
13503.0,216.85,17,0
13504.0,295.93,22,0
13505.0,4282.88,227,2
13506.0,452.82,29,0
13507.0,2479.16,162,0
13508.0,110.97,12,0
13509.0,979.72,44,0
13510.0,1785.16,117,0
13512.0,251.21,15,0
13513.0,205.1,10,0
13514.0,152.20000000000002,4,0
13515.0,891.12,59,0
13516.0,1389.41,44,0
13517.0,2109.07,143,0
13518.0,659.4399999999999,38,0
13519.0,110.80000000000001,9,0
13520.0,3487.75,95,0
13521.0,1093.65,436,2
13522.0,125.80000000000001,5,0
13523.0,3755.38,177,0
13524.0,680.1800000000001,27,0
13525.0,628.78,6,0
13527.0,2263.76,224,0
13529.0,307.76,15,0
13531.0,483.8,22,0
13532.0,210.31,66,0
13533.0,270.79,76,0
13534.0,5613.08,342,2
13536.0,3448.29,179,0
13538.0,1280.85,25,0
13539.0,605.84,38,0
13544.0,291.41,87,0
13546.0,626.99,98,0
13548.0,682.41,124,0
13549.0,916.12,52,0
13551.0,91.80000000000001,4,0
13552.0,3539.53,121,0
13555.0,4149.28,136,0
13557.0,584.06,34,0
13558.0,605.06,175,0
13560.0,174.37,33,0
13561.0,141.85999999999999,14,0
13562.0,1799.33,82,0
13563.0,777.53,49,0
13564.0,647.74,85,0
13565.0,240.22,38,0
13566.0,874.71,176,0
13568.0,192.85,44,0
13569.0,373.75,85,0
13570.0,239.49,27,0
13571.0,2092.32,341,2
13572.0,1384.25,33,0
13573.0,294.4,26,0
13575.0,732.0699999999999,46,0
13576.0,6703.3,130,0
13577.0,1658.3,85,0
13579.0,467.04,23,0
13581.0,118.0,10,0
13583.0,781.03,53,0
13584.0,142.4,24,0
13587.0,347.0,11,0
13588.0,2445.12,180,0
13589.0,379.65,21,0
13590.0,1976.12,89,0
13591.0,1117.13,58,0
13592.0,247.95999999999998,16,0
13593.0,1990.28,129,0
13594.0,396.97,26,0
13596.0,697.04,166,0
13598.0,167.42000000000002,41,0
13599.0,5030.6,264,2
13600.0,219.52,19,0
13601.0,693.32,99,0
13602.0,428.89,23,0
13603.0,164.34,27,0
13606.0,280.53999999999996,43,0
13607.0,678.01,98,0
13610.0,1115.43,228,0
13611.0,1158.2,76,0
13614.0,1610.46,201,0
13615.0,399.99,24,0
13617.0,544.18,44,0
13618.0,177.34,13,0
13621.0,213.85,19,0
13623.0,672.44,86,0
13626.0,257.23,19,0
13627.0,1624.02,94,0
13629.0,7792.36,59,0
13630.0,1995.68,80,0
13631.0,3021.77,12,0
13632.0,2117.02,147,0
13634.0,1575.16,188,0
13635.0,1071.03,62,0
13636.0,941.62,64,0
13637.0,810.5,101,0
13638.0,122.64,8,0
13639.0,1033.34,40,0
13642.0,354.8,66,0
13643.0,519.44,28,0
13644.0,2597.52,148,0
13645.0,252.1,5,0
13647.0,1670.22,80,0
13649.0,346.6,23,0
13650.0,1809.34,98,0
13651.0,94.2,6,0
13652.0,1095.08,63,0
13654.0,2707.33,166,0
13655.0,932.97,56,0
13656.0,379.65,49,0
13657.0,382.14,16,0
13658.0,2421.47,112,0
13659.0,1550.85,108,0
13662.0,879.08,58,0
13663.0,189.47,13,0
13666.0,84.65,12,0
13667.0,305.02,87,0
13668.0,6216.07,501,2
13669.0,218.55,9,0
13670.0,349.7,25,0
13672.0,-71.46,16,0
13673.0,396.92,65,0
13675.0,486.82000000000005,25,0
13678.0,232.6,16,0
13680.0,2202.31,216,0
13681.0,827.83,57,0
13682.0,59.5,3,0
13684.0,64.23,31,0
13685.0,3119.44,39,0
13686.0,72.0,8,0
13689.0,910.0,6,0
13690.0,172.25,9,0
13692.0,1466.8700000000001,55,0
13693.0,-32.0,4,0
13694.0,62653.1,585,4
13695.0,2504.13,90,0
13697.0,151.29999999999998,12,0
13699.0,308.58000000000004,14,0
13700.0,2265.12,197,0
13703.0,99.5,1,0
13704.0,2295.31,135,0
13705.0,711.86,28,0
13706.0,330.79,20,0
13707.0,806.41,48,0
13708.0,296.88,51,0
13709.0,6249.110000000001,346,2
13710.0,180.48,8,0
13711.0,252.06,13,0
13712.0,228.84,10,0
13715.0,1053.94,108,0
13716.0,138.28,21,0
13717.0,1432.26,103,0
13718.0,306.55,12,0
13719.0,1041.68,60,0
13720.0,799.9,43,0
13721.0,524.14,28,0
13722.0,2369.16,86,0
13723.0,199.85000000000002,6,0
13725.0,1809.81,118,0
13726.0,1079.6599999999999,42,0
13727.0,333.48,20,0
13728.0,1016.14,63,0
13730.0,752.6,43,0
13731.0,610.59,38,0
13732.0,491.86,33,0
13735.0,2766.18,208,0
13736.0,724.0,194,0
13737.0,339.59999999999997,30,0
13739.0,216.9,3,0
13740.0,350.75,23,0
13741.0,666.33,35,0
13742.0,3102.42,323,2
13743.0,1340.1499999999999,42,0
13744.0,1156.36,72,0
13745.0,291.54,26,0
13747.0,79.6,1,0
13748.0,948.25,28,0
13750.0,1647.26,24,0
13751.0,296.25,9,0
13752.0,1186.28,76,0
13753.0,741.26,35,0
13754.0,282.59999999999997,12,0
13755.0,2154.68,343,2
13756.0,5145.12,143,0
13758.0,3190.55,117,0
13759.0,659.4100000000001,25,0
13760.0,286.79,57,0
13761.0,1070.65,70,0
13762.0,3.552713678800501e-15,14,0
13763.0,1689.46,17,0
13764.0,1521.76,208,0
13767.0,16945.71,399,2
13769.0,2771.87,143,0
13771.0,2631.7,120,0
13772.0,1132.13,177,0
13774.0,345.0,22,0
13777.0,25748.350000000002,219,2
13778.0,178.7,9,0
13780.0,360.01,57,0
13781.0,127.84,17,0
13782.0,912.0,115,0
13784.0,2462.79,31,0
13786.0,230.39999999999998,7,0
13787.0,309.04,31,0
13790.0,348.8,45,0
13791.0,1047.68,17,0
13792.0,195.55,13,0
13798.0,36351.42,439,2
13799.0,688.86,39,0
13800.0,558.32,33,0
13801.0,324.8,23,0
13802.0,3906.27,66,0
13803.0,277.07,17,0
13804.0,2635.79,137,0
13805.0,924.6,13,0
13806.0,256.38,10,0
13807.0,112.6,7,0
13808.0,1747.66,76,0
13809.0,155.05,12,0
13810.0,899.51,36,0
13811.0,591.75,14,0
13812.0,539.0,36,0
13813.0,1353.41,71,0
13814.0,1562.12,58,0
13815.0,4014.91,177,0
13816.0,555.04,33,0
13817.0,382.98,24,0
13819.0,1140.35,36,0
13821.0,385.64,59,0
13822.0,632.0,96,0
13823.0,957.66,40,0
13824.0,1698.94,46,0
13826.0,174.65,12,0
13827.0,412.05,93,0
13828.0,209.49,15,0
13829.0,-102.0,1,0
13831.0,2202.99,74,0
13832.0,40.949999999999996,4,0
13833.0,384.8,29,0
13835.0,834.57,55,0
13837.0,271.24,19,0
13838.0,691.73,174,0
13841.0,85.0,1,0
13842.0,3385.62,206,0
13844.0,361.62,20,0
13845.0,312.98,9,0
13846.0,847.61,58,0
13848.0,1255.0,5,0
13849.0,1537.95,101,0
13850.0,1586.81,94,0
13851.0,2651.46,81,0
13853.0,1056.94,24,0
13854.0,8025.0199999999995,114,0
13856.0,363.4,17,0
13858.0,216.17,11,0
13859.0,201.16,28,0
13860.0,1240.0,77,0
13862.0,2187.31,142,0
13863.0,299.56,22,0
13865.0,501.56,30,0
13866.0,145.67000000000002,7,0
13867.0,1015.29,61,0
13868.0,3192.54,33,0
13869.0,3104.95,307,2
13870.0,2751.25,118,0
13871.0,6389.8,338,2
13873.0,381.7,24,0
13874.0,540.45,18,0
13875.0,1786.79,104,0
13876.0,122.7,7,0
13877.0,117.24,3,0
13878.0,1281.53,36,0
13880.0,3219.77,165,0
13881.0,16989.52,180,2
13882.0,1131.28,66,0
13883.0,2538.75,155,0
13884.0,781.3000000000001,60,0
13885.0,506.8,28,0
13886.0,243.56,16,0
13887.0,349.55,19,0
13888.0,605.63,40,0
13889.0,416.90000000000003,15,0
13890.0,1860.8600000000001,114,0
13892.0,632.97,27,0
13893.0,821.1,21,0
13894.0,535.97,30,0
13895.0,2588.12,119,0
13897.0,311.16,17,0
13898.0,155.93,12,0
13899.0,388.52,19,0
13900.0,740.95,43,0
13901.0,2867.2,149,0
13904.0,332.64,26,0
13908.0,2347.05,126,0
13911.0,2580.91,148,0
13914.0,613.95,34,0
13917.0,272.04,18,0
13918.0,1212.8400000000001,30,0
13919.0,350.15999999999997,33,0
13922.0,172.25,7,0
13923.0,351.13,20,0
13924.0,1682.08,137,0
13925.0,616.65,45,0
13926.0,223.85000000000002,11,0
13927.0,348.99,21,0
13928.0,464.57,27,0
13929.0,802.85,10,0
13930.0,337.34,17,0
13931.0,1230.93,59,0
13932.0,307.4,16,0
13933.0,608.7900000000001,23,0
13934.0,922.1,31,0
13936.0,361.28,27,0
13937.0,158.85,9,0
13938.0,71.66,7,0
13939.0,556.75,46,0
13940.0,839.14,49,0
13941.0,4912.41,47,0
13946.0,561.5699999999999,11,0
13947.0,90.6,5,0
13948.0,102.0,3,0
13949.0,2427.32,160,0
13950.0,728.56,36,0
13951.0,674.45,39,0
13952.0,3246.091,138,0
13953.0,3515.68,20,0
13954.0,378.59,30,0
13955.0,322.96,33,0
13956.0,1026.42,152,0
13958.0,-102.45,5,0
13959.0,598.2,92,0
13960.0,230.22,12,0
13962.0,169.55,11,0
13963.0,664.54,35,0
13967.0,80.7,2,0
13969.0,8986.69,633,2
13971.0,2702.2200000000003,158,0
13972.0,190.25,15,0
13973.0,264.7,11,0
13974.0,413.59000000000003,28,0
13975.0,2503.23,340,2
13976.0,357.98,10,0
13978.0,196.79000000000002,15,0
13979.0,869.87,54,0
13980.0,200.14,11,0
13982.0,1861.11,115,0
13983.0,2590.46,112,0
13984.0,488.03,17,0
13985.0,7024.53,353,2
13986.0,320.46,13,0
13988.0,4098.8,239,2
13989.0,1266.08,41,0
13990.0,311.3,16,0
13991.0,850.63,86,0
13992.0,76.8,5,0
13993.0,3409.66,125,0
13994.0,2313.14,155,0
13995.0,1383.49,87,0
13999.0,3865.26,212,0
14000.0,633.71,16,0
14001.0,2030.3300000000002,40,0
14002.0,529.73,47,0
14004.0,4582.64,171,0
14005.0,2874.72,84,0
14006.0,962.19,30,0
14009.0,685.9300000000001,44,0
14012.0,328.8,11,0
14013.0,473.02,34,0
14014.0,505.18,39,0
14015.0,917.34,20,0
14016.0,4328.46,162,0
14019.0,1398.96,68,0
14020.0,642.8,39,0
14021.0,631.9,22,0
14022.0,440.0,28,0
14023.0,584.07,31,0
14024.0,327.7,16,0
14027.0,104.82,6,0
14029.0,467.66,15,0
14030.0,2360.09,243,2
14031.0,14634.640000000001,258,2
14032.0,2929.84,152,0
14034.0,512.02,92,0
14035.0,1428.02,66,0
14036.0,626.65,38,0
14037.0,147.20000000000002,28,0
14038.0,1554.48,93,0
14039.0,152.2,6,0
14040.0,3542.19,241,2
14041.0,141.41,21,0
14044.0,652.82,209,0
14045.0,1659.75,6,0
14046.0,154.99,14,0
14047.0,1290.01,34,0
14048.0,375.13,88,0
14049.0,5639.15,505,2
14050.0,746.36,54,0
14051.0,15477.34,215,2
14052.0,225.36,56,0
14053.0,260.25,4,0
14054.0,92.46,6,0
14055.0,725.6400000000001,10,0
14056.0,8124.4,1128,2
14057.0,6147.4,291,2
14059.0,183.6,8,0
14060.0,6135.38,203,2
14062.0,10464.85,111,0
14064.0,1188.32,82,0
14066.0,152.55,7,0
14067.0,374.7,52,0
14068.0,265.85,24,0
14071.0,1307.41,333,2
14073.0,139.54,14,0
14075.0,942.26,43,0
14076.0,122.47,46,0
14077.0,499.41999999999996,42,0
14078.0,1049.37,65,0
14079.0,375.1,12,0
14080.0,45.599999999999994,4,0
14081.0,904.67,156,0
14082.0,182.25,29,0
14083.0,1018.43,181,0
14085.0,4435.79,451,2
14087.0,181.67,70,0
14088.0,50415.49,590,4
14089.0,161.0,14,0
14090.0,76.32000000000001,1,0
14092.0,4063.1,217,0
14093.0,442.85,105,0
14096.0,57120.909999999996,5128,1
14098.0,147.35,21,0
14099.0,3092.9700000000003,252,2
14100.0,194.9,26,0
14101.0,5976.79,35,0
14102.0,1314.73,84,0
14104.0,216.20999999999998,21,0
14105.0,1260.33,76,0
14107.0,2688.48,124,0
14108.0,594.16,35,0
14109.0,80.2,14,0
14110.0,5669.65,157,0
14111.0,688.6,11,0
14112.0,2774.17,173,0
14113.0,1377.92,40,0
14114.0,386.53,15,0
14116.0,1382.74,72,0
14117.0,90.0,3,0
14119.0,-19.9,1,0
14121.0,2740.3,161,0
14124.0,419.58000000000004,5,0
14125.0,2740.43,167,0
14126.0,643.6300000000001,16,0
14127.0,709.71,44,0
14128.0,637.5,46,0
14129.0,1123.8600000000001,52,0
14130.0,483.86,67,0
14132.0,3580.13,201,0
14133.0,590.3399999999999,30,0
14135.0,4690.31,134,0
14138.0,982.3800000000001,47,0
14139.0,415.82,26,0
14140.0,920.05,67,0
14141.0,879.0300000000001,46,0
14142.0,311.81,22,0
14143.0,115.8,7,0
14145.0,3148.2,12,0
14146.0,2949.57,245,2
14147.0,468.4,6,0
14148.0,157.2,3,0
14149.0,259.43,40,0
14150.0,658.64,26,0
14152.0,611.09,50,0
14154.0,1345.62,52,0
14155.0,118.75,6,0
14156.0,113384.14,1420,4
14157.0,400.43,49,0
14158.0,507.66,41,0
14159.0,4678.3,1212,2
14161.0,1110.52,108,0
14162.0,289.36,25,0
14163.0,2445.91,52,0
14164.0,1631.77,29,0
14165.0,122.53999999999999,25,0
14167.0,574.84,52,0
14171.0,363.79,58,0
14173.0,450.84,29,0
14174.0,134.46,26,0
14175.0,3108.06,164,0
14176.0,574.0,32,0
14177.0,554.46,43,0
14178.0,1620.93,327,2
14179.0,719.78,165,0
14180.0,4640.77,248,2
14184.0,452.89,24,0
14185.0,197.65,3,0
14188.0,2018.91,71,0
14189.0,4604.31,277,2
14191.0,4660.01,263,2
14193.0,853.39,42,0
14194.0,11216.75,604,2
14195.0,962.7,8,0
14196.0,335.52,6,0
14198.0,663.5,44,0
14199.0,185.39999999999998,2,0
14201.0,688.04,39,0
14204.0,161.03,44,0
14205.0,218.78,39,0
14206.0,308.26,21,0
14208.0,151.74,10,0
14209.0,2067.13,88,0
14210.0,1900.89,103,0
14211.0,2208.3,118,0
14212.0,1070.48,9,0
14213.0,-1192.2,5,0
14214.0,1000.23,70,0
14215.0,1777.92,109,0
14216.0,1839.3,59,0
14217.0,1925.3600000000001,107,0
14218.0,169.48000000000002,12,0
14219.0,89.94,7,0
14220.0,632.4,21,0
14221.0,3427.85,194,0
14222.0,683.17,41,0
14223.0,975.23,61,0
14224.0,1050.12,118,0
14226.0,2201.64,73,0
14227.0,3315.71,183,0
14229.0,1450.6,43,0
14231.0,822.0600000000001,54,0
14232.0,2043.93,118,0
14233.0,1447.51,36,0
14234.0,775.46,159,0
14235.0,3093.86,80,0
14236.0,490.86,15,0
14237.0,161.0,9,0
14238.0,146.85,8,0
14239.0,2323.5,116,0
14240.0,890.34,42,0
14241.0,213.70000000000002,10,0
14242.0,280.55,16,0
14243.0,2535.88,148,0
14245.0,1677.48,112,0
14246.0,1474.06,75,0
14247.0,136.76999999999998,20,0
14248.0,302.58,8,0
14250.0,1904.05,111,0
14251.0,2879.7000000000003,78,0
14256.0,935.0600000000001,54,0
14257.0,3087.27,107,0
14258.0,12650.08,112,2
14259.0,120.0,5,0
14261.0,1163.45,52,0
14262.0,2618.23,143,0
14264.0,319.47,19,0
14265.0,530.18,31,0
14267.0,1279.09,66,0
14270.0,492.65000000000003,29,0
14271.0,112.32,10,0
14272.0,437.96,33,0
14273.0,559.97,29,0
14276.0,1019.39,75,0
14277.0,3957.0,228,2
14280.0,134.04,8,0
14282.0,3729.34,156,0
14284.0,578.45,34,0
14285.0,1910.01,27,0
14286.0,4595.81,285,2
14287.0,151.23000000000002,11,0
14288.0,413.85,17,0
14289.0,911.26,47,0
14290.0,2307.4500000000003,103,0
14291.0,3873.3,238,2
14292.0,4819.33,108,0
14293.0,1046.56,61,0
14295.0,154.70000000000002,7,0
14297.0,1284.06,64,0
14298.0,50862.44,1640,4
14299.0,2855.35,162,0
14300.0,43.2,3,0
14301.0,632.04,16,0
14304.0,197.1,27,0
14305.0,1803.76,110,0
14306.0,2083.42,35,0
14307.0,2995.72,180,0
14309.0,2319.68,123,0
14311.0,229.71,27,0
14312.0,1611.59,87,0
14314.0,120.0,8,0
14315.0,2456.98,104,0
14317.0,508.58000000000004,24,0
14320.0,343.11,42,0
14321.0,1530.75,123,0
14323.0,574.26,41,0
14326.0,166.85,9,0
14327.0,311.65,12,0
14329.0,4928.74,269,2
14331.0,462.65999999999997,28,0
14332.0,866.31,26,0
14333.0,351.45,19,0
14334.0,2539.46,163,0
14335.0,468.26,63,0
14336.0,1614.91,90,0
14338.0,554.22,34,0
14339.0,289.90999999999997,18,0
14340.0,134.7,6,0
14341.0,2166.38,130,0
14342.0,607.71,24,0
14344.0,889.9300000000001,71,0
14345.0,108.97999999999999,6,0
14346.0,1021.58,60,0
14348.0,409.57,18,0
14349.0,133.5,31,0
14350.0,258.7,21,0
14351.0,51.0,1,0
14352.0,1078.96,47,0
14353.0,90.6,6,0
14354.0,163.62,9,0
14355.0,174.4,11,0
14356.0,666.9399999999999,38,0
14357.0,225.77,41,0
14359.0,882.58,58,0
14360.0,2128.23,118,0
14362.0,161.2,41,0
14364.0,3717.35,69,0
14367.0,9167.82,533,2
14368.0,155.0,8,0
14371.0,100.5,4,0
14373.0,76.55,4,0
14375.0,257.68,75,0
14377.0,617.05,11,0
14379.0,348.1,46,0
14381.0,202.68,56,0
14382.0,626.0699999999999,131,0
14383.0,1247.69,59,0
14385.0,202.11,14,0
14386.0,142.4,7,0
14387.0,1770.56,140,0
14388.0,3172.04,191,0
14389.0,999.72,62,0
14390.0,4592.47,291,2
14393.0,67.95,5,0
14395.0,3471.91,353,2
14396.0,487.99,73,0
14397.0,2556.68,95,0
14400.0,559.7,26,0
14401.0,4039.98,183,0
14403.0,1426.31,26,0
14404.0,1434.72,104,0
14406.0,156.75,8,0
14407.0,2111.08,76,0
14408.0,2606.53,107,0
14409.0,1908.25,55,0
14410.0,576.3,287,2
14411.0,1063.0,14,0
14412.0,761.3299999999999,45,0
14413.0,122.7,23,0
14414.0,1485.1299999999999,98,0
14415.0,5811.56,612,2
14416.0,490.22,14,0
14418.0,1937.25,124,0
14419.0,1058.06,206,0
14420.0,385.87,30,0
14421.0,813.11,27,0
14422.0,4263.64,222,2
14423.0,265.2,3,0
14424.0,322.08,1,0
14426.0,3918.9,264,2
14427.0,363.34000000000003,17,0
14428.0,1230.14,148,0
14431.0,397.76,22,0
14432.0,2255.51,382,2
14434.0,1372.8,12,0
14436.0,89.06,9,0
14437.0,-43.400000000000006,6,0
14438.0,131.9,9,0
14439.0,2661.24,32,0
14440.0,2357.6800000000003,55,0
14441.0,1545.14,59,0
14442.0,1544.62,68,0
14443.0,1400.88,98,0
14446.0,1039.58,293,2
14447.0,1163.23,70,0
14448.0,375.35,20,0
14449.0,907.1,258,0
14450.0,483.25,40,0
14451.0,662.59,109,0
14452.0,264.44,62,0
14453.0,119.93,22,0
14456.0,3047.63,977,2
14457.0,113.64,4,0
14459.0,1837.92,37,0
14460.0,383.34,17,0
14461.0,2103.06,180,0
14462.0,1965.9,246,0
14463.0,529.62,6,0
14465.0,1058.6200000000001,130,0
14466.0,2272.4,72,0
14467.0,598.76,90,0
14470.0,461.19,43,0
14472.0,1936.84,281,2
14473.0,234.34000000000003,7,0
14474.0,537.71,30,0
14475.0,799.82,47,0
14476.0,215.7,19,0
14477.0,1307.81,11,0
14479.0,316.25,18,0
14480.0,279.05,13,0
14481.0,636.51,30,0
14482.0,2068.15,144,0
14483.0,129.2,10,0
14484.0,321.92,14,0
14485.0,165.75,47,0
14487.0,1183.58,145,0
14488.0,1047.43,49,0
14489.0,463.38,30,0
14491.0,340.93,17,0
14493.0,2362.84,123,0
14494.0,139.56,7,0
14495.0,123.8,6,0
14496.0,538.8100000000001,19,0
14497.0,457.47,31,0
14498.0,1957.32,193,0
14499.0,815.32,194,0
14500.0,356.85,7,0
14501.0,190.31,12,0
14502.0,2351.02,631,2
14503.0,3543.26,164,0
14504.0,673.26,107,0
14505.0,5818.7,803,2
14506.0,2012.17,316,2
14507.0,1368.18,98,0
14508.0,276.42,57,0
14511.0,1267.4099999999999,71,0
14512.0,275.28,23,0
14513.0,438.49,18,0
14514.0,1055.35,73,0
14515.0,2102.09,101,0
14517.0,330.45,18,0
14518.0,174.37,16,0
14520.0,270.6,4,0
14522.0,974.54,17,0
14523.0,241.09,12,0
14524.0,1867.68,203,0
14525.0,4221.37,298,2
14527.0,7711.38,1011,2
14528.0,364.21999999999997,18,0
14529.0,620.04,229,0
14530.0,2925.91,216,0
14532.0,932.85,64,0
14533.0,1812.6200000000001,65,0
14534.0,4075.35,558,2
14535.0,2841.09,333,2
14536.0,171.8,19,0
14537.0,355.56,10,0
14538.0,388.25,19,0
14539.0,537.48,32,0
14540.0,996.26,76,0
14541.0,1461.65,111,0
14542.0,103.25,5,0
14543.0,2916.17,107,0
14544.0,2024.45,114,0
14546.0,2487.02,417,2
14547.0,3986.7400000000002,367,2
14548.0,652.8,4,0
14549.0,289.24,56,0
14550.0,765.62,48,0
14551.0,186.23,10,0
14552.0,165.07,58,0
14553.0,859.27,113,0
14554.0,2381.04,216,0
14555.0,324.14,21,0
14557.0,0.0,32,0
14560.0,2174.18,76,0
14561.0,1080.76,69,0
14562.0,4709.22,446,2
14565.0,3073.77,129,0
14566.0,1432.0,4,0
14567.0,1524.46,34,0
14569.0,227.39,12,0
14570.0,218.06,29,0
14572.0,2803.69,273,2
14573.0,1603.72,241,0
14576.0,35.400000000000006,1,0
14577.0,859.71,123,0
14578.0,168.63,24,0
14581.0,138.6,17,0
14582.0,114.11,6,0
14583.0,1052.55,330,2
14584.0,1029.26,101,0
14585.0,157.05,29,0
14586.0,134.16,27,0
14587.0,1598.24,384,2
14589.0,39.75,3,0
14591.0,1447.14,197,0
14592.0,570.46,164,0
14593.0,617.99,152,0
14594.0,379.83,53,0
14595.0,1740.6,102,0
14597.0,883.15,55,0
14598.0,221.97,50,0
14600.0,393.33000000000004,25,0
14601.0,213.96,7,0
14603.0,660.0,2,0
14606.0,11713.85,2782,4
14607.0,11341.1,114,0
14608.0,1785.15,20,0
14609.0,601.56,4,0
14616.0,406.08000000000004,3,0
14618.0,538.59,17,0
14619.0,379.51,22,0
14620.0,393.28000000000003,30,0
14621.0,1765.76,96,0
14622.0,320.58000000000004,21,0
14623.0,869.35,135,0
14624.0,225.85,13,0
14625.0,848.48,57,0
14626.0,2757.07,126,0
14627.0,-21.85,5,0
14628.0,671.96,24,0
14629.0,939.21,153,0
14631.0,1006.98,41,0
14632.0,114.56,8,0
14633.0,344.90000000000003,20,0
14636.0,609.85,28,0
14638.0,443.6,16,0
14639.0,2952.34,175,0
14640.0,2042.15,113,0
14641.0,110.46,7,0
14642.0,96.12,2,0
14643.0,668.61,34,0
14644.0,780.46,29,0
14645.0,597.09,30,0
14646.0,279489.02,2085,3
14647.0,243.22,30,0
14649.0,1417.29,199,0
14651.0,654.6,102,0
14652.0,114.18,29,0
14653.0,1947.55,237,0
14655.0,1930.15,50,0
14656.0,291.05,80,0
14657.0,838.27,127,0
14658.0,247.15,29,0
14659.0,2456.53,259,2
14660.0,285.74,30,0
14661.0,107.95,4,0
14662.0,771.17,168,0
14664.0,637.89,99,0
14665.0,1258.38,117,0
14666.0,195.25,14,0
14667.0,9231.2,576,2
14669.0,1269.99,170,0
14670.0,411.53,132,0
14672.0,765.55,61,0
14673.0,1736.4,74,0
14675.0,604.75,102,0
14676.0,2543.2400000000002,44,0
14679.0,-2.55,1,0
14680.0,26932.34,320,2
14681.0,498.95,7,0
14682.0,52.0,2,0
14684.0,1236.28,421,2
14687.0,628.38,15,0
14688.0,5107.38,359,2
14689.0,112.8,13,0
14690.0,358.61,54,0
14691.0,2114.33,71,0
14692.0,582.05,69,0
14693.0,172.9,8,0
14696.0,2070.97,133,0
14697.0,188.60999999999999,22,0
14698.0,1250.76,210,0
14699.0,109.13000000000001,8,0
14700.0,2235.3,115,0
14701.0,2486.2200000000003,350,2
14702.0,3250.64,348,2
14703.0,318.17,22,0
14704.0,1546.91,415,2
14705.0,179.0,1,0
14708.0,1096.67,29,0
14709.0,4911.14,197,0
14710.0,606.13,139,0
14711.0,2838.2,359,2
14712.0,917.07,25,0
14713.0,2664.2599999999998,341,2
14714.0,160.19,10,0
14715.0,867.38,71,0
14716.0,329.68,55,0
14719.0,1592.18,238,0
14720.0,663.81,37,0
14722.0,187.92000000000002,29,0
14723.0,1158.3,278,2
14725.0,718.08,52,0
14727.0,268.58,10,0
14729.0,313.49,71,0
14730.0,2005.06,501,2
14731.0,380.02,45,0
14732.0,2686.34,149,0
14733.0,9451.54,216,2
14735.0,5807.6900000000005,205,2
14737.0,1164.55,17,0
14738.0,1289.94,56,0
14739.0,3899.1,61,0
14740.0,1423.21,93,0
14741.0,1400.34,59,0
14744.0,1088.53,28,0
14745.0,1167.16,70,0
14747.0,294.3,19,0
14748.0,1311.79,92,0
14752.0,389.64,5,0
14753.0,563.15,30,0
14754.0,638.05,41,0
14755.0,4965.38,237,2
14756.0,738.96,38,0
14757.0,420.5,19,0
14758.0,1484.06,71,0
14759.0,1625.97,102,0
14760.0,53.8,7,0
14761.0,255.9,11,0
14762.0,300.52,21,0
14764.0,250.55,7,0
14765.0,254.11,39,0
14766.0,2423.07,137,0
14768.0,139.5,6,0
14769.0,10641.6,1094,2
14770.0,876.42,52,0
14772.0,139.26,9,0
14775.0,1011.9,60,0
14776.0,2195.58,134,0
14777.0,-17.45,3,0
14778.0,730.86,35,0
14779.0,386.15,41,0
14780.0,447.68,27,0
14782.0,200.10000000000002,6,0
14784.0,289.99,15,0
14785.0,77.4,3,0
14788.0,679.4399999999999,30,0
14789.0,197.64,6,0
14790.0,745.06,46,0
14792.0,0.0,4,0
14793.0,214.14,15,0
14794.0,1272.11,82,0
14795.0,131.45000000000002,6,0
14796.0,7839.51,1165,2
14798.0,173.74,12,0
14799.0,157.7,13,0
14800.0,4236.34,392,2
14801.0,193.14,59,0
14803.0,845.55,44,0
14804.0,353.27,12,0
14805.0,554.65,47,0
14806.0,193.39000000000001,11,0
14808.0,2175.37,256,2
14810.0,2087.88,255,2
14813.0,155.43,30,0
14815.0,778.5,53,0
14816.0,271.85,4,0
14817.0,1110.34,63,0
14818.0,657.8,48,0
14819.0,272.07,13,0
14820.0,507.29,29,0
14821.0,48.800000000000004,2,0
14823.0,321.43,70,0
14824.0,1127.71,29,0
14825.0,2226.91,121,0
14828.0,2139.76,17,0
14829.0,644.65,45,0
14830.0,197.13,40,0
14834.0,1698.35,70,0
14836.0,102.44999999999999,6,0
14837.0,1641.2,110,0
14840.0,62.85,4,0
14841.0,3295.76,138,0
14842.0,2456.8,158,0
14844.0,3189.81,130,0
14847.0,309.4,13,0
14849.0,7904.28,392,2
14850.0,278.15,22,0
14851.0,511.35,28,0
14852.0,2836.69,143,0
14853.0,463.05,10,0
14854.0,2749.89,131,0
14855.0,645.65,20,0
14856.0,1311.3799999999999,66,0
14857.0,1165.65,61,0
14859.0,1352.04,59,0
14860.0,168.62,12,0
14861.0,125.79,6,0
14862.0,841.1999999999999,48,0
14863.0,266.76,11,0
14865.0,52.2,4,0
14866.0,14197.45,103,2
14867.0,701.33,37,0
14868.0,2939.64,147,0
14869.0,721.95,72,0
14870.0,327.25,13,0
14871.0,522.38,98,0
14873.0,519.68,28,0
14875.0,1448.72,50,0
14878.0,1485.54,124,0
14880.0,706.19,47,0
14881.0,255.4,17,0
14882.0,589.7,11,0
14883.0,756.64,54,0
14885.0,765.3199999999999,15,0
14886.0,364.8,18,0
14887.0,1862.0,6,0
14888.0,369.2,20,0
14889.0,135.9,10,0
14890.0,125.65,7,0
14891.0,554.38,33,0
14893.0,1237.8500000000001,73,0
14894.0,655.75,23,0
14895.0,11020.26,506,2
14896.0,468.77000000000004,43,0
14897.0,1366.38,55,0
14898.0,1228.32,119,0
14901.0,1414.99,98,0
14902.0,314.11,24,0
14903.0,2744.48,364,2
14904.0,1025.44,69,0
14905.0,599.9,18,0
14907.0,3478.85,168,0
14908.0,277.8,9,0
14910.0,389.86,35,0
14911.0,132572.62,5903,1
14912.0,841.52,28,0
14913.0,1227.43,87,0
14915.0,258.83,13,0
14916.0,1264.84,79,0
14918.0,1610.15,45,0
14920.0,977.77,57,0
14921.0,1316.07,78,0
14923.0,749.1,44,0
14924.0,310.05,10,0
14929.0,223.88,11,0
14930.0,2372.86,128,0
14931.0,964.6800000000001,42,0
14932.0,363.53,17,0
14934.0,1888.84,88,0
14935.0,1784.71,10,0
14936.0,8117.42,366,2
14937.0,1617.63,35,0
14944.0,5842.95,172,0
14946.0,100.9,3,0
14947.0,290.82,14,0
14948.0,1066.57,64,0
14950.0,361.25,20,0
14951.0,311.69,20,0
14952.0,7912.79,149,0
14953.0,289.82,55,0
14954.0,336.17,85,0
14957.0,58.49,12,0
14958.0,499.68,42,0
14959.0,684.97,61,0
14960.0,221.27,27,0
14961.0,7006.58,317,2
14962.0,126.7,5,0
14963.0,1487.8,198,0
14964.0,206.21,13,0
14965.0,599.0,83,0
14966.0,191.32,38,0
14967.0,463.8,6,0
14968.0,147.59,37,0
14970.0,1592.06,34,0
14971.0,1116.57,160,0
14972.0,114.77,18,0
14973.0,1314.45,32,0
14974.0,114.39,21,0
14975.0,279.94,11,0
14976.0,765.86,73,0
14978.0,1931.42,216,0
14981.0,102.12,8,0
14984.0,213.27,41,0
14985.0,296.75,87,0
14987.0,326.4,4,0
14988.0,334.54,40,0
14995.0,233.23000000000002,61,0
14997.0,540.98,27,0
14998.0,429.87,75,0
15000.0,490.52,77,0
15002.0,1641.76,115,0
15004.0,1246.32,158,0
15005.0,6180.49,1160,2
15006.0,502.09,144,0
15007.0,156.91,12,0
15009.0,1261.78,182,0
15010.0,308.94,20,0
15012.0,423.04,128,0
15014.0,260.17,35,0
15016.0,170.04,20,0
15017.0,125.58,20,0
15018.0,456.26,32,0
15019.0,266.0,70,0
15021.0,1872.28,479,2
15022.0,905.04,135,0
15023.0,6763.16,563,2
15024.0,1661.33,155,0
15025.0,377.01,72,0
15026.0,469.0,61,0
15027.0,1051.95,37,0
15028.0,627.13,48,0
15030.0,518.28,7,0
15031.0,668.14,111,0
15032.0,4464.1,55,0
15033.0,2571.02,513,2
15034.0,4277.66,400,2
15035.0,252.73000000000002,27,0
15036.0,465.55,127,0
15038.0,665.59,133,0
15039.0,19786.44,1508,2
15041.0,180.35,67,0
15042.0,135.93,5,0
15043.0,537.0,3,0
15044.0,7629.38,461,2
15045.0,633.66,13,0
15046.0,5064.01,207,2
15047.0,343.62,22,0
15048.0,380.57,98,0
15049.0,121.17000000000002,3,0
15050.0,1727.17,80,0
15051.0,1391.61,143,0
15052.0,215.78,30,0
15053.0,697.79,71,0
15054.0,302.1,114,0
15057.0,1489.5,25,0
15058.0,2124.9900000000002,276,2
15059.0,1325.82,239,0
15060.0,303.09,121,0
15061.0,54228.74,410,4
15062.0,987.86,57,0
15063.0,370.79999999999995,5,0
15065.0,3135.98,158,0
15066.0,760.59,53,0
15067.0,1744.76,82,0
15068.0,553.36,104,0
15069.0,1109.53,70,0
15070.0,106.2,1,0
15071.0,982.07,26,0
15073.0,612.43,76,0
15074.0,748.87,42,0
15075.0,773.03,27,0
15076.0,880.85,49,0
15078.0,9623.35,451,2
15079.0,893.66,48,0
15081.0,487.35,35,0
15083.0,88.2,5,0
15087.0,306.94,15,0
15088.0,1140.27,60,0
15089.0,2420.84,145,0
15090.0,381.32,23,0
15091.0,476.96,31,0
15092.0,457.81,26,0
15093.0,4410.14,112,0
15095.0,1364.7,49,0
15096.0,219.39000000000001,11,0
15097.0,248.08,25,0
15098.0,649.5,5,0
15099.0,410.48,23,0
15100.0,635.1,6,0
15101.0,310.03,9,0
15103.0,703.36,35,0
15104.0,1002.54,71,0
15105.0,2298.93,101,0
15106.0,1407.73,102,0
15107.0,247.66,20,0
15108.0,1291.75,61,0
15109.0,463.75,31,0
15110.0,970.25,40,0
15111.0,1567.48,84,0
15113.0,3439.41,101,0
15114.0,2760.56,197,0
15115.0,340.11,21,0
15116.0,1352.75,45,0
15117.0,1550.13,80,0
15118.0,244.8,1,0
15119.0,266.4,14,0
15120.0,343.82,22,0
15121.0,457.72,28,0
15122.0,1612.13,87,0
15123.0,2199.31,106,0
15124.0,184.19,15,0
15125.0,11117.05,140,2
15127.0,406.53,16,0
15128.0,1419.54,111,0
15129.0,3447.4,84,0
15130.0,330.11,22,0
15132.0,977.9300000000001,52,0
15133.0,982.42,29,0
15134.0,1387.99,73,0
15135.0,127.15,10,0
15136.0,1282.45,69,0
15139.0,178.96,13,0
15140.0,2350.0,81,0
15142.0,498.74,26,0
15143.0,259.45,14,0
15144.0,6530.04,218,2
15145.0,1194.73,67,0
15146.0,1313.66,95,0
15147.0,608.65,29,0
15148.0,301.29,20,0
15149.0,520.8000000000001,23,0
15150.0,5303.97,344,2
15152.0,4684.24,278,2
15153.0,329.25,22,0
15154.0,240.27,92,0
15156.0,961.49,55,0
15157.0,1869.5,133,0
15158.0,401.40000000000003,7,0
15159.0,18573.68,720,2
15160.0,158.16,4,0
15163.0,304.47,29,0
15164.0,843.05,103,0
15165.0,487.75,27,0
15167.0,163.0,41,0
15168.0,106.56,5,0
15171.0,1034.5,7,0
15172.0,1624.05,110,0
15174.0,135.75,11,0
15175.0,224.14,23,0
15178.0,40.5,3,0
15179.0,2186.2,95,0
15180.0,87.5,6,0
15181.0,680.28,18,0
15182.0,622.85,29,0
15184.0,406.76,63,0
15185.0,310.62,21,0
15186.0,411.41,19,0
15187.0,4670.08,93,0
15189.0,15802.14,232,2
15192.0,1044.32,51,0
15193.0,499.32,19,0
15194.0,7521.17,326,2
15195.0,3861.0,1,0
15197.0,656.44,36,0
15198.0,193.64,10,0
15199.0,1268.7,13,0
15201.0,927.84,97,0
15203.0,1827.8,142,0
15204.0,316.58,9,0
15205.0,648.8299999999999,38,0
15206.0,420.29999999999995,9,0
15208.0,867.62,43,0
15210.0,331.18,20,0
15211.0,894.4100000000001,52,0
15212.0,88.94999999999999,7,0
15213.0,325.05,25,0
15214.0,1661.44,110,0
15215.0,615.99,43,0
15216.0,96.6,2,0
15218.0,5756.89,166,0
15219.0,305.75,9,0
15220.0,1758.92,119,0
15221.0,114.1,11,0
15222.0,585.0,5,0
15223.0,454.90000000000003,32,0
15224.0,310.48,16,0
15225.0,409.40000000000003,23,0
15226.0,154.41,8,0
15227.0,1219.4,58,0
15228.0,3376.96,126,0
15230.0,429.6,23,0
15232.0,612.06,31,0
15234.0,197.0,14,0
15235.0,2247.51,143,0
15236.0,321.05,15,0
15237.0,1412.32,99,0
15238.0,1056.54,52,0
15239.0,764.34,52,0
15240.0,1685.57,83,0
15241.0,1738.59,111,0
15243.0,316.68,22,0
15244.0,631.57,34,0
15245.0,2515.84,89,0
15246.0,514.15,33,0
15247.0,356.0,6,0
15249.0,6657.36,358,2
15251.0,10327.11,121,0
15252.0,740.78,44,0
15253.0,915.3,55,0
15254.0,300.36,18,0
15255.0,890.85,47,0
15256.0,98.45,6,0
15257.0,232.14999999999998,8,0
15258.0,623.16,34,0
15260.0,1780.77,78,0
15261.0,254.82,19,0
15262.0,178.95000000000002,10,0
15263.0,156.51,12,0
15264.0,393.74,23,0
15265.0,1506.1200000000001,82,0
15266.0,119.3,6,0
15267.0,1717.36,11,0
15269.0,408.8,2,0
15270.0,2298.2,48,0
15271.0,2485.82,275,2
15272.0,721.94,63,0
15274.0,716.57,47,0
15275.0,609.19,42,0
15276.0,135.31,52,0
15277.0,255.89999999999998,12,0
15279.0,277.40999999999997,21,0
15280.0,113.12,16,0
15281.0,2239.9500000000003,150,0
15286.0,240.55,3,0
15287.0,485.24,21,0
15288.0,2306.52,88,0
15289.0,935.1,59,0
15290.0,7803.7699999999995,212,2
15291.0,4596.51,109,0
15292.0,180.94,25,0
15296.0,3610.31,200,0
15297.0,635.04,41,0
15298.0,3774.1,194,0
15299.0,3787.09,12,0
15300.0,496.44,28,0
15301.0,5028.12,247,2
15303.0,574.02,31,0
15304.0,680.3,26,0
15306.0,1174.35,58,0
15307.0,205.3,12,0
15308.0,302.27,21,0
15311.0,59419.340000000004,2491,4
15312.0,921.1,48,0
15313.0,52.0,1,0
15314.0,327.97,24,0
15315.0,551.54,38,0
15316.0,165.0,1,0
15318.0,312.62,33,0
15319.0,204.5,16,0
15320.0,267.13,36,0
15321.0,2650.73,106,0
15322.0,602.97,49,0
15325.0,162.29,49,0
15326.0,311.71,29,0
15327.0,208.75,10,0
15329.0,1005.5,62,0
15330.0,714.96,13,0
15332.0,1661.06,35,0
15333.0,1028.56,16,0
15334.0,351.67,99,0
15335.0,173.97,36,0
15339.0,557.57,88,0
15341.0,2020.52,17,0
15342.0,391.76,26,0
15343.0,364.5,21,0
15344.0,476.58,32,0
15345.0,367.69,23,0
15346.0,252.42000000000002,17,0
15347.0,201.60000000000002,5,0
15348.0,158.04,9,0
15349.0,473.81,72,0
15350.0,115.65,5,0
15351.0,1862.14,233,0
15353.0,777.02,63,0
15355.0,277.05,14,0
15356.0,2766.5,519,2
15358.0,8234.8,561,2
15360.0,427.93,13,0
15361.0,418.92,7,0
15363.0,318.05,17,0
15364.0,913.19,29,0
15365.0,1330.45,151,0
15366.0,602.51,44,0
15367.0,1867.69,96,0
15368.0,446.94000000000005,4,0
15369.0,-1592.49,1,0
15370.0,2360.55,95,0
15372.0,2007.3999999999999,27,0
15373.0,2213.11,137,0
15374.0,168.0,3,0
15376.0,1233.3600000000001,117,0
15379.0,3631.8900000000003,196,0
15380.0,1682.3600000000001,37,0
15381.0,596.85,8,0
15382.0,5927.86,306,2
15384.0,635.76,43,0
15385.0,316.88,12,0
15386.0,394.14,31,0
15388.0,140.54,10,0
15389.0,500.0,1,0
15392.0,1515.73,85,0
15393.0,231.86,12,0
15394.0,2183.54,85,0
15395.0,107.45,7,0
15396.0,288.18,14,0
15397.0,94.0,6,0
15398.0,1339.63,74,0
15399.0,815.77,50,0
15400.0,666.7,13,0
15402.0,626.77,42,0
15405.0,349.1,8,0
15406.0,426.61,58,0
15407.0,1056.44,153,0
15408.0,267.18,34,0
15410.0,3450.84,122,0
15411.0,1346.38,100,0
15412.0,190.53,10,0
15414.0,774.9000000000001,39,0
15415.0,572.8100000000001,48,0
15416.0,3974.37,193,0
15417.0,508.8,28,0
15419.0,135.86,8,0
15421.0,950.36,53,0
15422.0,97.7,6,0
15423.0,43.5,2,0
15424.0,383.34,17,0
15426.0,1429.9,300,2
15427.0,1483.14,306,2
15428.0,93.78,6,0
15429.0,364.90000000000003,83,0
15432.0,171.19,10,0
15433.0,417.87,53,0
15434.0,997.48,59,0
15435.0,149.29,29,0
15436.0,1122.53,329,2
15437.0,200.16,45,0
15438.0,156.57999999999998,25,0
15440.0,383.68,62,0
15442.0,594.0,2,0
15443.0,3212.16,385,2
15444.0,1418.26,219,0
15445.0,113.5,5,0
15447.0,155.17,9,0
15448.0,494.64,28,0
15449.0,971.22,62,0
15450.0,429.84,30,0
15452.0,538.73,58,0
15453.0,1388.37,286,2
15454.0,179.1,25,0
15456.0,447.22,60,0
15457.0,237.07,58,0
15458.0,161.64,7,0
15460.0,216.76,58,0
15462.0,234.6,11,0
15463.0,126.14,7,0
15464.0,1048.85,157,0
15465.0,6945.0199999999995,104,0
15466.0,334.53,57,0
15467.0,511.88,53,0
15468.0,438.46,29,0
15469.0,504.5,27,0
15471.0,469.48,77,0
15472.0,371.56,76,0
15473.0,1465.2,14,0
15475.0,454.10999999999996,29,0
15478.0,1441.42,46,0
15480.0,905.5,45,0
15482.0,6568.72,127,0
15483.0,233.81,88,0
15484.0,3563.11,189,0
15485.0,2575.0,86,0
15488.0,91.32000000000001,2,0
15489.0,1090.03,55,0
15491.0,3090.85,155,0
15492.0,659.4599999999999,35,0
15493.0,1967.25,299,2
15494.0,1299.23,125,0
15497.0,1259.7,16,0
15498.0,12396.46,523,2
15500.0,1131.56,68,0
15502.0,5541.46,252,2
15503.0,147.09,70,0
15504.0,52.83,13,0
15505.0,3497.14,99,0
15506.0,979.26,164,0
15507.0,492.36,46,0
15508.0,1000.27,92,0
15510.0,250.0,1,0
15511.0,909.23,160,0
15512.0,121.0,7,0
15513.0,14520.08,314,2
15514.0,2963.19,218,0
15516.0,62.43,15,0
15517.0,267.03,27,0
15518.0,1911.89,220,0
15520.0,343.5,18,0
15521.0,2574.65,200,0
15522.0,398.84,57,0
15523.0,412.01000000000005,10,0
15524.0,440.0,1,0
15525.0,811.02,180,0
15526.0,148.44,4,0
15527.0,2348.82,166,0
15528.0,229.33,26,0
15529.0,3967.78,674,2
15530.0,1502.35,108,0
15531.0,2007.44,228,0
15532.0,1517.08,263,2
15533.0,746.92,86,0
15535.0,459.9,78,0
15537.0,110.92,24,0
15539.0,538.46,41,0
15540.0,213.3,15,0
15541.0,85.13000000000001,29,0
15543.0,127.86,28,0
15544.0,3542.51,261,2
15545.0,292.71999999999997,81,0
15547.0,4954.84,702,2
15549.0,1655.76,116,0
15550.0,575.63,61,0
15551.0,436.06,29,0
15552.0,90.12,17,0
15553.0,437.23,56,0
15554.0,217.2,14,0
15555.0,4758.2,925,2
15556.0,279.77,31,0
15557.0,473.65000000000003,20,0
15561.0,722.74,31,0
15562.0,134.55,1,0
15563.0,1319.69,117,0
15565.0,173.16,8,0
15567.0,186.01,7,0
15568.0,758.29,53,0
15569.0,1375.71,31,0
15570.0,4109.97,330,2
15571.0,650.4300000000001,57,0
15572.0,2552.86,215,0
15573.0,607.45,104,0
15574.0,702.25,168,0
15576.0,940.6700000000001,45,0
15577.0,258.88,39,0
15578.0,127.1,13,0
15579.0,348.6,51,0
15581.0,3429.9700000000003,151,0
15582.0,682.9100000000001,44,0
15584.0,722.61,125,0
15585.0,455.3,31,0
15587.0,913.6800000000001,9,0
15589.0,456.58,30,0
15590.0,-30.19,1,0
15592.0,388.58,24,0
15593.0,199.8,5,0
15594.0,1767.53,104,0
15596.0,1343.34,84,0
15597.0,315.71999999999997,23,0
15598.0,235.68,16,0
15599.0,761.74,52,0
15601.0,6745.36,414,2
15602.0,1083.63,54,0
15603.0,48.480000000000004,2,0
15604.0,216.39,17,0
15605.0,1198.23,67,0
15606.0,2422.64,91,0
15607.0,104.76,13,0
15608.0,1093.68,60,0
15609.0,270.03000000000003,18,0
15610.0,112.46000000000001,6,0
15611.0,1568.39,45,0
15612.0,195.15,6,0
15615.0,10360.04,429,2
15618.0,747.031,49,0
15619.0,336.40000000000003,3,0
15620.0,1524.4,104,0
15621.0,1158.77,18,0
15622.0,3224.53,214,0
15623.0,301.03,19,0
15624.0,588.13,34,0
15625.0,1504.56,68,0
15626.0,675.8,49,0
15628.0,2865.64,157,0
15630.0,1180.4,61,0
15632.0,3147.31,177,0
15634.0,243.55,15,0
15636.0,724.76,25,0
15637.0,223.36,15,0
15638.0,-94.0,2,0
15639.0,425.32,25,0
15640.0,12433.34,495,2
15641.0,1887.2,119,0
15643.0,647.4,36,0
15644.0,813.0,238,0
15645.0,612.01,52,0
15646.0,425.14000000000004,36,0
15648.0,599.9,28,0
15649.0,816.0,2,0
15651.0,646.3,32,0
15652.0,337.74,21,0
15653.0,877.4399999999999,6,0
15654.0,922.53,21,0
15655.0,511.32,37,0
15656.0,748.5,47,0
15657.0,30.0,1,0
15658.0,958.9,56,0
15659.0,306.45,11,0
15660.0,1552.01,94,0
15661.0,309.8,5,0
15663.0,138.14,9,0
15664.0,358.63,19,0
15665.0,2242.01,116,0
15667.0,301.32,13,0
15668.0,76.32000000000001,1,0
15669.0,677.69,35,0
15670.0,173.05,12,0
15671.0,2635.4900000000002,81,0
15673.0,2881.02,155,0
15674.0,1744.02,135,0
15675.0,323.69,21,0
15676.0,3324.09,216,0
15677.0,657.23,33,0
15678.0,352.7,12,0
15679.0,781.28,110,0
15680.0,1333.68,78,0
15681.0,946.36,67,0
15683.0,193.75,10,0
15687.0,2981.5,168,0
15689.0,254.1,9,0
15690.0,239.76,19,0
15691.0,136.8,2,0
15692.0,191.04,12,0
15694.0,6423.6,79,0
15695.0,409.98,22,0
15696.0,2644.46,177,0
15699.0,309.65,18,0
15700.0,664.03,89,0
15701.0,1542.14,237,0
15703.0,211.5,5,0
15704.0,2293.62,117,0
15705.0,143.1,6,0
15706.0,1001.8100000000001,59,0
15707.0,945.58,214,0
15708.0,3329.7200000000003,297,2
15709.0,133.25,6,0
15712.0,1072.3600000000001,53,0
15713.0,346.75,20,0
15714.0,330.88,35,0
15716.0,1118.81,118,0
15717.0,150.3,7,0
15719.0,5043.96,938,2
15720.0,598.73,128,0
15721.0,507.08,91,0
15722.0,2181.21,72,0
15723.0,203.1,41,0
15724.0,212.3,12,0
15725.0,415.25,32,0
15727.0,5178.96,302,2
15728.0,-134.8,4,0
15729.0,62.0,6,0
15730.0,1108.38,73,0
15732.0,294.12,14,0
15733.0,162.3,10,0
15734.0,1339.45,26,0
15737.0,1121.21,81,0
15738.0,4788.77,176,0
15739.0,449.12,8,0
15740.0,154.88,9,0
15743.0,784.46,88,0
15744.0,34.8,3,0
15745.0,1071.24,65,0
15746.0,182.96,29,0
15747.0,974.04,93,0
15748.0,149.31,21,0
15749.0,21535.9,15,2
15750.0,2451.23,295,2
15752.0,2628.93,412,2
15753.0,79.2,1,0
15754.0,455.67,29,0
15755.0,2318.88,149,0
15756.0,532.96,192,0
15757.0,714.42,45,0
15758.0,205.25,9,0
15759.0,253.04,7,0
15762.0,583.75,37,0
15763.0,1048.67,63,0
15764.0,3245.47,188,0
15766.0,315.06,11,0
15768.0,581.8299999999999,28,0
15769.0,51823.72,147,4
15773.0,635.6800000000001,10,0
15774.0,270.8,25,0
15775.0,104.9,7,0
15776.0,241.62,18,0
15777.0,1021.61,22,0
15780.0,475.28000000000003,29,0
15781.0,333.56,21,0
15782.0,2593.94,44,0
15783.0,246.3,14,0
15785.0,2303.75,87,0
15786.0,4834.2,280,2
15787.0,948.05,206,0
15789.0,351.3,25,0
15790.0,220.85,35,0
15791.0,1604.44,76,0
15793.0,948.96,13,0
15795.0,610.01,42,0
15796.0,2666.61,135,0
15797.0,2207.4,8,0
15799.0,884.14,98,0
15800.0,699.08,119,0
15801.0,1042.19,69,0
15802.0,-451.42,3,0
15803.0,415.82000000000005,8,0
15804.0,3848.55,274,2
15805.0,5452.17,307,2
15806.0,784.58,31,0
15807.0,903.9,48,0
15808.0,3724.77,210,0
15809.0,399.21,43,0
15810.0,1145.43,112,0
15811.0,2171.32,139,0
15812.0,1801.14,41,0
15813.0,1303.9099999999999,40,0
15814.0,1842.73,74,0
15815.0,2100.6,49,0
15819.0,1905.45,123,0
15820.0,206.98,17,0
15821.0,570.96,62,0
15822.0,885.47,33,0
15823.0,-840.76,17,0
15825.0,532.94,20,0
15826.0,1649.3600000000001,69,0
15827.0,1641.48,134,0
15829.0,636.14,51,0
15830.0,547.7,41,0
15831.0,747.76,69,0
15832.0,836.79,54,0
15834.0,2084.9,276,2
15835.0,954.09,50,0
15836.0,117.47,12,0
15837.0,391.98,24,0
15838.0,33350.76,169,2
15839.0,1020.74,65,0
15840.0,345.66,28,0
15841.0,1209.1,50,0
15843.0,118.95000000000002,8,0
15844.0,130.73999999999998,11,0
15845.0,3650.87,140,0
15847.0,389.27,22,0
15850.0,238.85,97,0
15852.0,160.71,22,0
15853.0,110.8,30,0
15854.0,2974.65,140,0
15855.0,712.24,80,0
15856.0,16173.67,653,2
15857.0,297.0,14,0
15858.0,1438.85,191,0
15860.0,977.21,142,0
15861.0,3000.36,547,2
15862.0,832.88,147,0
15863.0,68.84,18,0
15864.0,1769.7800000000002,24,0
15865.0,895.13,40,0
15866.0,230.53,45,0
15867.0,3797.79,463,2
15869.0,149.64,15,0
15870.0,354.09000000000003,76,0
15872.0,360.93,128,0
15874.0,4330.67,137,0
15877.0,440.78,131,0
15880.0,313.28000000000003,106,0
15881.0,438.24,32,0
15882.0,495.36,24,0
15883.0,396.48,49,0
15885.0,379.35,18,0
15886.0,181.09,12,0
15888.0,141.27,14,0
15889.0,446.87,93,0
15891.0,524.52,62,0
15894.0,263.55,41,0
15895.0,179.17,11,0
15897.0,222.05,24,0
15898.0,1384.68,87,0
15899.0,56.25,4,0
15900.0,351.11,51,0
15901.0,363.88,116,0
15903.0,5126.34,75,0
15904.0,164.68,30,0
15906.0,1521.79,151,0
15907.0,967.45,249,0
15909.0,191.94,7,0
15910.0,1232.18,267,2
15912.0,264.62,19,0
15916.0,1491.24,160,0
15917.0,123.1,12,0
15918.0,334.23,40,0
15919.0,639.89,143,0
15920.0,167.5,60,0
15921.0,336.03000000000003,25,0
15922.0,363.6,12,0
15923.0,127.08,21,0
15925.0,207.15,12,0
15930.0,426.63,21,0
15932.0,2461.85,119,0
15933.0,1107.46,74,0
15935.0,416.86,12,0
15937.0,145.35,7,0
15938.0,404.58,18,0
15939.0,6102.26,77,0
15940.0,31.799999999999997,2,0
15942.0,337.44,14,0
15944.0,325.1,6,0
15945.0,181.0,2,0
15947.0,1708.24,29,0
15948.0,955.24,60,0
15949.0,364.72,19,0
15950.0,1705.26,103,0
15951.0,669.57,43,0
15952.0,806.57,91,0
15953.0,1634.53,103,0
15955.0,4389.81,185,0
15957.0,428.89,42,0
15958.0,104.35,7,0
15963.0,470.76,28,0
15965.0,845.64,122,0
15967.0,418.83,84,0
15969.0,582.9,21,0
15970.0,314.1,11,0
15971.0,4199.85,35,0
15973.0,99.77000000000002,6,0
15974.0,3429.55,177,0
15975.0,371.01,24,0
15976.0,430.94,98,0
15977.0,1054.73,65,0
15978.0,1098.78,49,0
15980.0,2398.86,43,0
15981.0,3408.48,97,0
15983.0,1475.02,113,0
15984.0,2816.97,275,2
15985.0,1037.42,38,0
15986.0,168.12,14,0
15987.0,1451.28,140,0
15988.0,158.03,27,0
15990.0,792.11,52,0
15992.0,41.989999999999995,3,0
15993.0,2756.82,560,2
15994.0,427.07,35,0
15996.0,1044.78,131,0
15998.0,3084.17,509,2
16000.0,12393.7,9,0
16003.0,2735.37,103,0
16005.0,615.39,218,0
16006.0,101.4,8,0
16007.0,1701.94,385,2
16008.0,478.78,33,0
16009.0,992.71,90,0
16010.0,407.5,86,0
16011.0,3362.71,212,0
16012.0,1415.29,94,0
16013.0,33366.25,151,2
16014.0,653.13,148,0
16015.0,690.54,184,0
16016.0,1483.31,237,0
16017.0,211.88,32,0
16018.0,408.90000000000003,28,0
16019.0,3450.2400000000002,165,0
16020.0,851.01,46,0
16022.0,628.28,76,0
16023.0,719.81,101,0
16024.0,251.24,64,0
16025.0,439.65999999999997,28,0
16026.0,236.09,32,0
16027.0,852.12,17,0
16029.0,50992.61,274,4
16030.0,331.24,29,0
16031.0,548.94,100,0
16033.0,8727.61,1152,2
16034.0,437.7,22,0
16036.0,758.92,55,0
16037.0,855.02,39,0
16038.0,454.33000000000004,28,0
16040.0,1313.55,65,0
16041.0,3166.4,6,0
16042.0,1147.37,75,0
16043.0,773.99,39,0
16045.0,1340.7,83,0
16048.0,243.69000000000003,9,0
16049.0,1111.79,312,2
16050.0,137.9,10,0
16052.0,362.06,34,0
16053.0,1511.95,84,0
16054.0,783.9,70,0
16055.0,134.8,8,0
16056.0,664.85,68,0
16057.0,2140.2200000000003,134,0
16059.0,1459.8600000000001,180,0
16061.0,-29.95,1,0
16062.0,1153.62,64,0
16063.0,335.32,23,0
16065.0,372.09,74,0
16066.0,1521.87,102,0
16070.0,852.15,33,0
16071.0,326.24,21,0
16072.0,584.3199999999999,23,0
16073.0,94.35,2,0
16076.0,2173.53,131,0
16078.0,79.2,1,0
16079.0,1352.0,21,0
16080.0,176.6,11,0
16081.0,2806.9,227,0
16083.0,1317.62,31,0
16084.0,436.18,38,0
16085.0,981.51,167,0
16086.0,1119.31,40,0
16091.0,315.06,18,0
16092.0,779.36,53,0
16093.0,17.0,1,0
16094.0,1041.83,67,0
16096.0,320.62,12,0
16097.0,185.04999999999998,10,0
16098.0,2005.63,67,0
16099.0,731.9,39,0
16101.0,1245.96,83,0
16102.0,1842.14,57,0
16103.0,1429.64,48,0
16104.0,302.36,29,0
16105.0,336.96,13,0
16106.0,108.38,6,0
16107.0,3204.1600000000003,31,0
16108.0,816.1,49,0
16109.0,611.88,18,0
16110.0,1337.48,354,2
16112.0,195.73999999999998,16,0
16113.0,161.38,30,0
16114.0,135.75000000000003,8,0
16115.0,1667.97,284,2
16116.0,592.88,35,0
16117.0,232.21,30,0
16119.0,423.36,16,0
16120.0,1294.14,32,0
16121.0,867.11,212,0
16122.0,684.4200000000001,38,0
16123.0,307.78,16,0
16124.0,187.15,16,0
16125.0,289.35,13,0
16126.0,6287.77,117,0
16127.0,656.25,40,0
16128.0,1880.22,89,0
16131.0,3506.54,78,0
16133.0,14305.66,365,2
16134.0,603.69,38,0
16135.0,517.55,21,0
16136.0,709.38,37,0
16138.0,-7.95,1,0
16139.0,635.41,31,0
16140.0,703.77,37,0
16141.0,620.4,30,0
16142.0,535.34,37,0
16143.0,2419.84,118,0
16144.0,175.2,1,0
16145.0,3741.98,237,2
16146.0,734.13,29,0
16147.0,375.0,22,0
16148.0,76.32000000000001,1,0
16149.0,280.52,18,0
16150.0,1906.07,136,0
16152.0,1829.04,29,0
16153.0,1824.23,89,0
16156.0,3024.62,139,0
16157.0,644.24,19,0
16159.0,348.2,14,0
16160.0,1009.4499999999999,22,0
16161.0,5352.97,502,2
16162.0,37.4,2,0
16163.0,441.59999999999997,7,0
16164.0,802.53,35,0
16168.0,3770.6,99,0
16169.0,1822.97,85,0
16170.0,1880.4199999999998,127,0
16171.0,73.2,3,0
16172.0,1140.21,69,0
16173.0,1406.57,87,0
16174.0,1009.5500000000001,23,0
16175.0,1037.59,58,0
16177.0,331.95,15,0
16178.0,197.9,8,0
16179.0,215.83,11,0
16180.0,10217.48,176,2
16181.0,305.54,11,0
16182.0,6617.65,28,0
16183.0,338.71000000000004,15,0
16184.0,1155.54,46,0
16185.0,529.41,31,0
16186.0,3991.94,219,0
16187.0,6841.24,297,2
16188.0,981.86,67,0
16189.0,215.48,11,0
16190.0,215.08,6,0
16191.0,4913.32,151,0
16193.0,314.45,19,0
16198.0,400.68100000000004,15,0
16200.0,1080.6200000000001,179,0
16201.0,1821.52,115,0
16202.0,365.27,18,0
16203.0,589.15,36,0
16204.0,405.71,57,0
16205.0,761.38,98,0
16206.0,537.0600000000001,63,0
16207.0,394.38,19,0
16208.0,664.26,66,0
16209.0,2262.62,46,0
16210.0,21086.3,123,2
16211.0,542.77,24,0
16212.0,681.19,43,0
16213.0,159.0,6,0
16214.0,1062.75,44,0
16215.0,242.35,14,0
16216.0,914.9300000000001,37,0
16217.0,259.39000000000004,19,0
16218.0,3054.87,90,0
16221.0,864.86,97,0
16222.0,846.72,137,0
16224.0,1295.3,96,0
16225.0,1096.32,134,0
16226.0,255.12,8,0
16227.0,308.32000000000005,7,0
16229.0,1010.6,47,0
16230.0,542.03,35,0
16232.0,983.23,38,0
16233.0,422.13,25,0
16235.0,858.41,48,0
16236.0,432.2,20,0
16239.0,372.9,21,0
16240.0,3693.81,142,0
16241.0,2607.87,662,2
16242.0,3598.26,295,2
16243.0,409.1,51,0
16244.0,1522.75,91,0
16245.0,1352.3600000000001,93,0
16247.0,114.56,16,0
16248.0,152.94,7,0
16249.0,1800.07,69,0
16250.0,389.44,24,0
16252.0,-295.09,21,0
16253.0,3665.62,124,0
16255.0,2609.3,274,2
16256.0,732.63,14,0
16257.0,46.95,2,0
16258.0,5203.51,135,0
16260.0,1035.45,18,0
16261.0,746.83,124,0
16262.0,-31.65,3,0
16265.0,5423.15,260,2
16266.0,861.89,61,0
16268.0,667.65,45,0
16270.0,1141.24,54,0
16271.0,1423.29,134,0
16272.0,411.7,25,0
16274.0,357.95,67,0
16275.0,559.87,33,0
16276.0,810.6000000000001,6,0
16278.0,537.83,25,0
16279.0,1496.68,109,0
16281.0,2062.06,17,0
16282.0,168.3,11,0
16283.0,1531.51,168,0
16284.0,823.97,109,0
16287.0,142.5,8,0
16292.0,280.9,19,0
16293.0,2236.7400000000002,120,0
16295.0,1328.55,79,0
16297.0,275.4,23,0
16298.0,598.2,27,0
16302.0,212.82,12,0
16303.0,5305.83,167,0
16305.0,361.21999999999997,22,0
16306.0,602.27,44,0
16308.0,2560.0,4,0
16309.0,686.67,44,0
16311.0,616.26,37,0
16313.0,274.15000000000003,16,0
16315.0,226.37,14,0
16316.0,2755.56,156,0
16317.0,1341.65,69,0
16318.0,328.15,19,0
16319.0,404.40000000000003,3,0
16320.0,1038.46,56,0
16321.0,230.70000000000002,16,0
16322.0,326.75,37,0
16323.0,207.50000000000003,1,0
16324.0,428.68,118,0
16325.0,510.54,20,0
16326.0,3085.96,320,2
16327.0,3844.22,319,2
16330.0,242.21,41,0
16332.0,1583.2,154,0
16333.0,26626.8,45,2
16337.0,151.05,10,0
16338.0,214.79999999999998,11,0
16339.0,109.95,20,0
16340.0,549.07,153,0
16341.0,1959.38,84,0
16342.0,322.41,15,0
16343.0,370.47999999999996,47,0
16344.0,101.10000000000001,2,0
16345.0,575.41,38,0
16347.0,887.65,92,0
16348.0,1469.45,235,0
16349.0,53.5,9,0
16350.0,1100.47,60,0
16351.0,153.9,8,0
16352.0,494.44,28,0
16353.0,6675.71,94,0
16354.0,395.8,39,0
16356.0,210.32000000000002,32,0
16357.0,658.88,34,0
16358.0,2024.95,110,0
16359.0,1460.3700000000001,70,0
16360.0,3411.69,671,2
16361.0,896.66,106,0
16362.0,652.07,90,0
16363.0,109.36000000000001,5,0
16364.0,707.04,53,0
16365.0,1540.42,51,0
16366.0,327.3,18,0
16367.0,804.49,130,0
16368.0,497.43,76,0
16369.0,1553.66,118,0
16370.0,1320.56,228,0
16372.0,367.93,97,0
16374.0,473.03000000000003,111,0
16376.0,977.52,128,0
16377.0,676.2,5,0
16378.0,362.95,23,0
16379.0,2131.9,109,0
16380.0,1780.59,32,0
16383.0,668.36,102,0
16384.0,584.5,33,0
16385.0,555.89,59,0
16386.0,317.2,88,0
16387.0,94.36,4,0
16389.0,1362.27,35,0
16392.0,221.19,45,0
16393.0,2941.05,358,2
16394.0,1412.06,100,0
16395.0,1486.9,210,0
16398.0,1631.15,86,0
16399.0,408.57,73,0
16400.0,303.93,29,0
16401.0,4061.24,198,0
16402.0,299.6,60,0
16403.0,161.04999999999998,15,0
16404.0,443.05,23,0
16405.0,167.25,5,0
16406.0,163.07,63,0
16407.0,2126.93,172,0
16409.0,2028.88,232,0
16411.0,214.65,45,0
16412.0,151.83,35,0
16413.0,262.2,31,0
16414.0,126.25,7,0
16415.0,210.35,54,0
16416.0,1026.99,73,0
16418.0,675.27,102,0
16419.0,959.48,52,0
16422.0,33805.69,399,2
16423.0,346.12,18,0
16424.0,82.56,6,0
16425.0,302.7,21,0
16426.0,1908.25,372,2
16427.0,241.06,9,0
16428.0,-2.95,1,0
16429.0,284.55,2,0
16430.0,300.85,6,0
16431.0,642.81,83,0
16432.0,287.4,8,0
16433.0,184.26,17,0
16434.0,1522.25,109,0
16438.0,798.35,132,0
16440.0,3640.67,282,2
16441.0,381.2,24,0
16442.0,616.79,174,0
16444.0,638.77,86,0
16445.0,230.51,63,0
16446.0,2.8999999999941792,4,0
16447.0,259.01,36,0
16448.0,188.89000000000001,20,0
16449.0,674.69,43,0
16450.0,311.92,11,0
16451.0,266.97,14,0
16454.0,-8.15,3,0
16455.0,1841.18,99,0
16456.0,2158.37,111,0
16457.0,208.36,9,0
16458.0,3482.7400000000002,202,0
16460.0,814.72,135,0
16461.0,151.42,33,0
16462.0,102.0,4,0
16463.0,1383.7,85,0
16464.0,1314.68,236,0
16466.0,1603.46,148,0
16468.0,74.9,2,0
16469.0,650.43,182,0
16470.0,757.44,171,0
16471.0,223.95000000000002,13,0
16473.0,314.86,19,0
16474.0,1811.47,368,2
16475.0,544.3,28,0
16477.0,2494.46,146,0
16478.0,331.0,17,0
16479.0,300.83,35,0
16480.0,769.29,53,0
16482.0,220.62,18,0
16483.0,139.35,19,0
16484.0,379.4,26,0
16485.0,363.65,42,0
16488.0,492.2,31,0
16491.0,731.5,39,0
16493.0,1329.66,62,0
16494.0,826.53,50,0
16495.0,684.41,97,0
16496.0,1562.22,97,0
16497.0,2965.69,136,0
16498.0,86.12,16,0
16499.0,319.1,22,0
16500.0,400.86,11,0
16503.0,1421.43,86,0
16504.0,484.38,86,0
16505.0,777.6,4,0
16506.0,90.30000000000001,3,0
16509.0,363.7,13,0
16510.0,248.1,13,0
16511.0,950.26,169,0
16513.0,874.59,35,0
16515.0,1627.13,113,0
16516.0,101.69999999999999,6,0
16517.0,162.7,17,0
16518.0,480.92,42,0
16519.0,215.07999999999998,13,0
16520.0,1036.6200000000001,157,0
16523.0,9295.67,298,2
16525.0,11895.57,200,2
16526.0,290.36,15,0
16527.0,228.06,14,0
16528.0,244.41,17,0
16529.0,455.25,30,0
16531.0,1244.59,77,0
16532.0,6748.8,4,0
16533.0,1026.94,181,0
16535.0,593.75,31,0
16536.0,539.02,56,0
16539.0,1388.81,45,0
16542.0,119.62,5,0
16545.0,339.3,3,0
16546.0,-95.93,31,0
16549.0,4154.64,981,2
16550.0,2266.25,261,2
16551.0,922.12,32,0
16552.0,379.73,17,0
16553.0,5664.57,86,0
16554.0,641.55,74,0
16555.0,285.89,17,0
16556.0,3313.79,207,0
16557.0,281.85,11,0
16558.0,8257.04,474,2
16560.0,816.51,58,0
16561.0,511.12,31,0
16563.0,1077.74,19,0
16565.0,173.7,3,0
16566.0,614.01,19,0
16567.0,865.6,35,0
16569.0,124.2,5,0
16570.0,3622.95,133,0
16571.0,1285.22,106,0
16572.0,999.7,58,0
16573.0,648.41,46,0
16574.0,451.44,28,0
16579.0,-30.599999999999998,1,0
16581.0,70.44,11,0
16582.0,313.62,6,0
16583.0,233.45,14,0
16584.0,908.03,31,0
16586.0,463.95,8,0
16587.0,225.15,13,0
16589.0,459.24,33,0
16591.0,213.5,10,0
16592.0,4073.28,222,2
16593.0,330.03,27,0
16594.0,181.09,53,0
16595.0,360.16,85,0
16596.0,250.15,12,0
16597.0,90.04,7,0
16598.0,140.7,11,0
16600.0,813.52,62,0
16601.0,244.79999999999998,31,0
16602.0,494.72999999999996,32,0
16603.0,482.47,34,0
16607.0,3038.67,174,0
16609.0,5450.96,280,2
16610.0,75.66,6,0
16611.0,120.99000000000001,11,0
16612.0,1187.66,66,0
16613.0,618.59,30,0
16614.0,506.19,26,0
16616.0,500.42,33,0
16617.0,151.85,5,0
16618.0,2630.64,97,0
16619.0,204.41,16,0
16620.0,178.96,9,0
16621.0,813.48,29,0
16623.0,129.45,5,0
16624.0,810.5699999999999,48,0
16625.0,333.08,23,0
16626.0,4379.65,184,0
16627.0,322.8,20,0
16628.0,2183.04,119,0
16629.0,417.73,64,0
16633.0,2878.15,153,0
16634.0,217.9,9,0
16637.0,1124.59,72,0
16638.0,1676.47,95,0
16639.0,1169.38,52,0
16641.0,231.10000000000002,12,0
16642.0,679.83,35,0
16643.0,487.51,27,0
16644.0,833.78,62,0
16647.0,214.06,14,0
16648.0,270.85999999999996,21,0
16650.0,518.42,24,0
16652.0,6654.26,123,0
16653.0,1166.92,76,0
16654.0,594.97,31,0
16655.0,3794.52,261,2
16656.0,8568.24,80,0
16657.0,933.62,208,0
16658.0,123.24,8,0
16659.0,39.12,2,0
16660.0,810.4499999999999,17,0
16665.0,135.39999999999998,9,0
16666.0,118.98,32,0
16667.0,570.13,53,0
16668.0,306.71999999999997,20,0
16669.0,1370.8700000000001,161,0
16670.0,4022.46,262,2
16671.0,1692.27,6,0
16672.0,8093.59,117,0
16674.0,319.61,98,0
16676.0,1558.72,92,0
16678.0,3013.83,170,0
16679.0,129.75,3,0
16680.0,183.7,10,0
16681.0,1770.34,44,0
16682.0,1028.0,30,0
16684.0,65892.08,281,4
16685.0,324.24,62,0
16686.0,3043.48,588,2
16688.0,1260.86,62,0
16689.0,303.26,16,0
16690.0,208.63,13,0
16692.0,1276.0,3,0
16693.0,482.01,60,0
16696.0,657.9000000000001,10,0
16697.0,112.75,21,0
16698.0,1998.0,5,0
16700.0,5040.0,312,2
16701.0,5150.2699999999995,154,0
16705.0,13946.130000000001,284,2
16706.0,531.35,123,0
16708.0,656.63,27,0
16709.0,3029.87,79,0
16710.0,2483.04,402,2
16711.0,1651.03,22,0
16712.0,3645.43,447,2
16713.0,6840.2300000000005,632,2
16714.0,911.53,94,0
16715.0,301.71999999999997,19,0
16716.0,319.8000000000001,3,0
16717.0,3278.36,236,2
16718.0,623.75,45,0
16719.0,1773.92,203,0
16720.0,155.24,27,0
16721.0,292.47,37,0
16722.0,4711.21,228,2
16723.0,589.15,43,0
16725.0,775.07,152,0
16726.0,1382.02,185,0
16727.0,272.82,46,0
16728.0,1054.67,269,2
16729.0,7076.28,668,2
16730.0,702.79,84,0
16732.0,603.75,28,0
16734.0,650.51,53,0
16735.0,2269.21,128,0
16737.0,417.59999999999997,1,0
16738.0,3.75,1,0
16739.0,312.55,16,0
16742.0,0.0,4,0
16743.0,2191.84,193,0
16744.0,1304.76,242,0
16745.0,7170.7,358,2
16746.0,6694.31,452,2
16747.0,826.96,45,0
16748.0,1515.9,69,0
16750.0,623.93,95,0
16751.0,1764.72,25,0
16752.0,207.5,9,0
16753.0,223.92000000000002,34,0
16754.0,2002.4,2,0
16755.0,1484.63,176,0
16756.0,239.4,13,0
16757.0,106.83000000000001,7,0
16758.0,369.34000000000003,22,0
16759.0,772.84,43,0
16761.0,316.62,13,0
16762.0,1501.38,89,0
16763.0,594.9,24,0
16764.0,2758.25,718,2
16765.0,34.0,1,0
16766.0,1145.6,34,0
16767.0,5580.6,222,2
16768.0,458.04,58,0
16769.0,380.39,40,0
16770.0,744.9,146,0
16771.0,2246.81,255,2
16773.0,171.59,26,0
16774.0,654.92,49,0
16775.0,1695.66,158,0
16776.0,388.28,76,0
16777.0,226.35,50,0
16778.0,245.94,16,0
16779.0,10454.05,344,2
16780.0,425.19,60,0
16781.0,294.65,19,0
16782.0,2242.25,197,0
16784.0,107.6,3,0
16788.0,597.48,155,0
16789.0,80.8,5,0
16790.0,1520.1200000000001,95,0
16791.0,1706.28,322,2
16792.0,110.38000000000001,12,0
16793.0,243.84,16,0
16794.0,1201.51,287,2
16795.0,414.88,66,0
16796.0,305.62,18,0
16800.0,1201.49,164,0
16801.0,867.83,121,0
16803.0,332.3,24,0
16804.0,536.99,60,0
16805.0,460.59,98,0
16806.0,801.49,103,0
16807.0,1121.59,67,0
16808.0,288.42,23,0
16809.0,912.74,150,0
16810.0,275.64,16,0
16811.0,547.07,28,0
16812.0,479.35,15,0
16813.0,1692.98,449,2
16814.0,6500.6,325,2
16816.0,417.06,28,0
16817.0,1446.95,95,0
16818.0,3317.97,191,0
16820.0,497.61,26,0
16823.0,358.38,38,0
16824.0,460.64,26,0
16825.0,775.1800000000001,28,0
16826.0,341.7,22,0
16828.0,128.5,8,0
16829.0,197.22,11,0
16830.0,325.91,23,0
16832.0,199.15,12,0
16833.0,1106.53,47,0
16834.0,413.46,24,0
16835.0,180.85,10,0
16836.0,251.87,11,0
16837.0,3167.73,166,0
16838.0,582.9,26,0
16839.0,15357.78,298,2
16841.0,1774.62,117,0
16842.0,1260.44,64,0
16843.0,10183.82,379,2
16846.0,214.32,11,0
16847.0,193.44,12,0
16848.0,281.42,14,0
16849.0,124.57,8,0
16850.0,332.41,19,0
16851.0,342.45,20,0
16852.0,144.91000000000003,9,0
16855.0,328.4,19,0
16856.0,35.400000000000006,2,0
16858.0,345.89000000000004,13,0
16859.0,473.14,72,0
16861.0,151.65,8,0
16863.0,481.35,28,0
16866.0,207.73999999999998,11,0
16869.0,805.62,129,0
16871.0,2761.4900000000002,139,0
16872.0,680.02,7,0
16873.0,7066.31,289,2
16875.0,2023.47,123,0
16877.0,853.72,159,0
16878.0,0.0,6,0
16880.0,1519.08,178,0
16881.0,432.0,1,0
16882.0,705.12,39,0
16883.0,276.73,38,0
16884.0,429.84000000000003,26,0
16885.0,471.51,101,0
16887.0,194.88,37,0
16889.0,1578.67,135,0
16891.0,809.7,203,0
16892.0,496.84000000000003,101,0
16893.0,145.93,45,0
16895.0,219.14,69,0
16897.0,213.03,44,0
16898.0,444.46,163,0
16899.0,1281.56,125,0
16900.0,187.6900000000001,82,0
16902.0,1706.88,44,0
16903.0,373.24,60,0
16904.0,3754.27,710,2
16905.0,3085.48,209,0
16906.0,579.77,93,0
16907.0,981.65,151,0
16909.0,364.14,19,0
16910.0,1510.06,547,2
16912.0,2528.67,105,0
16913.0,113.44,8,0
16914.0,208.46,38,0
16915.0,621.6800000000001,57,0
16916.0,576.26,143,0
16917.0,391.52,9,0
16918.0,1043.34,130,0
16919.0,2596.45,327,2
16921.0,169.79,60,0
16923.0,6666.83,696,2
16924.0,739.5,89,0
16926.0,230.25,14,0
16927.0,543.05,6,0
16928.0,2781.5,213,0
16929.0,1295.39,77,0
16930.0,380.55,54,0
16931.0,4604.22,898,2
16932.0,161.94,53,0
16933.0,530.08,49,0
16934.0,950.9300000000001,62,0
16936.0,262.68,57,0
16938.0,1903.13,242,0
16940.0,3049.88,305,2
16942.0,1894.11,283,2
16943.0,816.73,33,0
16945.0,4345.5,249,2
16947.0,406.48,21,0
16948.0,435.02,19,0
16949.0,1161.27,61,0
16950.0,1178.56,42,0
16951.0,1262.75,87,0
16952.0,167.61,16,0
16953.0,20.8,1,0
16954.0,2085.08,54,0
16955.0,493.67,26,0
16956.0,292.34,18,0
16957.0,416.64,16,0
16959.0,117.35000000000001,7,0
16960.0,507.05,101,0
16961.0,234.17,14,0
16963.0,110.55000000000001,7,0
16965.0,201.19,26,0
16966.0,2148.47,31,0
16967.0,319.02,21,0
16968.0,439.43,31,0
16969.0,650.41,42,0
16971.0,232.20999999999998,42,0
16976.0,251.51999999999998,2,0
16978.0,344.33,39,0
16979.0,1809.05,91,0
16980.0,1078.96,87,0
16982.0,384.06,22,0
16983.0,1920.2,149,0
16984.0,4392.42,418,2
16985.0,5461.62,121,0
16986.0,1873.2,3,0
16987.0,1625.05,129,0
16988.0,126.12,7,0
16989.0,1133.25,12,0
16990.0,179.0,1,0
16992.0,1601.8600000000001,95,0
16995.0,-1.25,1,0
16996.0,1427.46,41,0
16997.0,702.0,12,0
16998.0,287.02000000000004,6,0
16999.0,484.82,23,0
17001.0,3989.57,169,0
17002.0,1487.78,50,0
17004.0,1412.94,44,0
17006.0,781.78,44,0
17007.0,877.4300000000001,53,0
17010.0,185.46,12,0
17011.0,270.9,15,0
17014.0,565.58,75,0
17015.0,1842.56,217,0
17017.0,8574.11,268,2
17018.0,920.1,16,0
17019.0,1272.61,234,0
17022.0,71.0,7,0
17024.0,95.85,3,0
17025.0,357.77,9,0
17026.0,154.82999999999998,4,0
17027.0,848.59,155,0
17029.0,716.0,2,0
17030.0,146.87,11,0
17031.0,380.35,22,0
17033.0,1030.14,28,0
17034.0,734.5699999999999,32,0
17035.0,388.33,32,0
17037.0,1253.22,77,0
17038.0,112.4,22,0
17040.0,449.73,15,0
17041.0,1065.77,71,0
17042.0,1044.3799999999999,98,0
17043.0,1735.18,102,0
17044.0,897.4300000000001,10,0
17045.0,339.44,22,0
17046.0,642.02,22,0
17047.0,1100.9,65,0
17048.0,864.32,48,0
17049.0,5594.78,322,2
17050.0,3228.84,316,2
17051.0,247.14000000000001,43,0
17052.0,413.75,92,0
17053.0,496.38,14,0
17054.0,1353.83,84,0
17058.0,1179.89,62,0
17059.0,3095.04,516,2
17060.0,234.24,5,0
17061.0,5116.13,101,0
17062.0,534.47,71,0
17063.0,1421.59,82,0
17064.0,859.35,62,0
17065.0,-112.35,1,0
17068.0,4531.34,297,2
17069.0,2655.2200000000003,154,0
17070.0,312.14,64,0
17071.0,2385.48,148,0
17073.0,1446.09,174,0
17075.0,813.77,80,0
17076.0,841.0799999999999,25,0
17078.0,378.2,28,0
17079.0,118.80000000000001,2,0
17080.0,285.5,9,0
17081.0,290.16,64,0
17082.0,2003.85,81,0
17083.0,1405.78,52,0
17084.0,2949.75,162,0
17085.0,1555.05,189,0
17086.0,2050.08,96,0
17088.0,1991.01,115,0
17090.0,2041.8500000000001,64,0
17091.0,3802.81,198,0
17092.0,1777.78,125,0
17094.0,270.20000000000005,15,0
17095.0,1088.2,77,0
17096.0,992.6800000000001,52,0
17097.0,937.92,213,0
17100.0,971.74,65,0
17101.0,1621.73,42,0
17102.0,25.5,1,0
17105.0,665.78,90,0
17107.0,10380.43,421,2
17109.0,869.6800000000001,121,0
17110.0,163.29999999999998,12,0
17111.0,248.61,30,0
17114.0,747.22,135,0
17115.0,806.9000000000001,43,0
17117.0,116.19999999999999,9,0
17118.0,157.02,10,0
17119.0,593.61,38,0
17120.0,307.46,18,0
17122.0,138.32,7,0
17123.0,345.29999999999995,9,0
17124.0,298.89,32,0
17125.0,259.35,40,0
17126.0,991.85,262,2
17128.0,157.09,14,0
17131.0,2463.17,134,0
17133.0,4892.240000000001,27,0
17134.0,425.0,24,0
17135.0,1139.73,52,0
17138.0,380.5,24,0
17139.0,10585.57,487,2
17140.0,465.32,20,0
17142.0,579.0,15,0
17144.0,984.57,48,0
17146.0,749.78,35,0
17147.0,1679.64,85,0
17148.0,124.88,9,0
17152.0,1503.5,16,0
17153.0,213.78,14,0
17154.0,329.34,23,0
17155.0,251.70000000000002,20,0
17157.0,306.55,15,0
17158.0,1266.97,67,0
17159.0,1534.73,102,0
17160.0,3518.03,229,2
17162.0,1707.21,105,0
17163.0,293.1,5,0
17164.0,2466.4,145,0
17165.0,158.68,10,0
17166.0,189.49,14,0
17169.0,816.88,60,0
17171.0,224.91,16,0
17172.0,313.26,16,0
17173.0,3755.65,87,0
17174.0,59.9,4,0
17175.0,1430.94,64,0
17176.0,306.13,15,0
17179.0,711.79,80,0
17180.0,780.38,131,0
17181.0,239.92000000000002,23,0
17183.0,3286.9100000000003,76,0
17186.0,144.0,2,0
17187.0,203.95,10,0
17188.0,2275.58,89,0
17189.0,384.40000000000003,61,0
17190.0,249.74,20,0
17191.0,2095.13,237,0
17193.0,1674.46,35,0
17194.0,262.62,29,0
17197.0,1013.01,29,0
17198.0,692.22,96,0
17201.0,342.63,40,0
17203.0,3563.85,152,0
17204.0,1352.91,67,0
17205.0,384.08,13,0
17206.0,204.24,7,0
17211.0,2299.67,213,0
17212.0,226.85,4,0
17213.0,2741.08,164,0
17214.0,984.12,104,0
17217.0,113.5,9,0
17218.0,1960.72,274,2
17219.0,114.23,25,0
17220.0,3198.25,472,2
17221.0,335.13,63,0
17222.0,354.15,28,0
17223.0,426.79,49,0
17226.0,393.49,21,0
17227.0,939.32,47,0
17228.0,1906.09,208,0
17229.0,318.76,47,0
17230.0,3466.67,73,0
17231.0,3127.82,546,2
17232.0,421.52,36,0
17233.0,190.88,25,0
17234.0,149.89000000000001,14,0
17235.0,550.06,29,0
17236.0,916.13,105,0
17237.0,314.69,19,0
17238.0,3744.65,566,2
17239.0,379.95,16,0
17242.0,1135.04,40,0
17243.0,8628.55,407,2
17244.0,954.9,31,0
17245.0,171.45,9,0
17247.0,282.19,55,0
17248.0,318.65,69,0
17250.0,384.52,57,0
17251.0,283.28000000000003,39,0
17252.0,353.86,87,0
17253.0,178.26,18,0
17254.0,272.44,112,0
17255.0,298.41,78,0
17256.0,240.0,16,0
17259.0,603.37,124,0
17262.0,1253.3600000000001,12,0
17263.0,63.440000000000005,23,0
17265.0,562.9,127,0
17266.0,310.64,80,0
17267.0,317.62,38,0
17268.0,763.64,6,0
17272.0,2144.53,116,0
17274.0,111.97999999999999,27,0
17277.0,1065.3500000000001,69,0
17278.0,246.04,15,0
17279.0,187.82999999999998,9,0
17282.0,1703.41,94,0
17284.0,1641.68,294,2
17286.0,153.92,45,0
17287.0,1064.11,124,0
17288.0,1419.73,142,0
17289.0,936.16,112,0
17290.0,525.24,102,0
17291.0,550.8000000000001,1,0
17293.0,1875.1100000000001,135,0
17295.0,556.95,69,0
17297.0,131.78,51,0
17298.0,498.42,30,0
17299.0,669.11,57,0
17301.0,197.63,66,0
17302.0,1119.93,81,0
17303.0,250.04,53,0
17306.0,8600.73,69,0
17307.0,-152.64000000000001,1,0
17309.0,82.75,12,0
17311.0,1384.85,55,0
17312.0,644.3,14,0
17313.0,2288.13,28,0
17314.0,2514.76,136,0
17315.0,6204.46,487,2
17317.0,2524.02,11,0
17320.0,1200.6200000000001,73,0
17321.0,700.86,107,0
17323.0,908.99,204,0
17324.0,990.23,50,0
17325.0,96.8,6,0
17329.0,523.11,33,0
17330.0,363.9,6,0
17331.0,175.2,1,0
17333.0,494.25,28,0
17334.0,306.6,12,0
17337.0,1944.32,548,2
17338.0,6612.18,757,2
17339.0,243.36,9,0
17340.0,11891.18,424,2
17341.0,781.36,183,0
17343.0,193.64,17,0
17344.0,160.57,32,0
17345.0,537.74,87,0
17346.0,2611.58,503,2
17347.0,228.96,1,0
17348.0,1159.52,215,0
17349.0,110.75,9,0
17350.0,1256.19,72,0
17351.0,587.15,27,0
17353.0,1740.0,8,0
17354.0,1393.06,16,0
17356.0,178.22,19,0
17357.0,388.14,45,0
17358.0,365.85,59,0
17359.0,127.86,15,0
17360.0,585.79,132,0
17361.0,488.2,29,0
17362.0,312.23,35,0
17364.0,4455.73,414,2
17365.0,4801.56,468,2
17367.0,168.4,34,0
17368.0,1349.52,128,0
17370.0,446.18,33,0
17371.0,423.89,87,0
17372.0,1342.68,253,0
17373.0,646.92,57,0
17374.0,495.77,28,0
17375.0,372.5,71,0
17376.0,203.2,24,0
17377.0,3925.92,419,2
17379.0,404.66,83,0
17381.0,20272.43,110,2
17382.0,65.4,2,0
17383.0,199.29,51,0
17384.0,336.4,15,0
17385.0,261.11,47,0
17386.0,2686.42,28,0
17387.0,784.11,78,0
17388.0,1259.56,15,0
17389.0,31300.079999999998,224,2
17391.0,508.8,3,0
17392.0,457.91,62,0
17394.0,203.86999999999998,4,0
17396.0,7330.8,27,0
17397.0,696.41,92,0
17398.0,653.38,38,0
17400.0,2129.96,213,0
17402.0,2633.85,59,0
17403.0,281.62,33,0
17404.0,30300.82,201,2
17405.0,967.22,94,0
17406.0,1928.72,116,0
17408.0,32.65,2,0
17409.0,771.85,13,0
17410.0,1214.72,64,0
17411.0,748.94,43,0
17412.0,1258.06,66,0
17414.0,778.0,6,0
17415.0,507.84,14,0
17416.0,6838.34,271,2
17418.0,463.46000000000004,30,0
17419.0,4200.97,208,0
17420.0,598.83,30,0
17422.0,1853.1299999999999,135,0
17423.0,663.63,28,0
17425.0,759.17,43,0
17426.0,5022.26,272,2
17427.0,100.8,2,0
17428.0,17078.45,343,2
17429.0,512.12,42,0
17430.0,265.76,14,0
17431.0,403.3,43,0
17432.0,365.76,48,0
17433.0,303.15999999999997,54,0
17434.0,2333.42,138,0
17436.0,216.29999999999998,9,0
17438.0,378.3,19,0
17440.0,177.1,8,0
17442.0,2210.2599999999998,140,0
17443.0,534.24,1,0
17444.0,2940.04,135,0
17446.0,120.9,9,0
17447.0,541.53,36,0
17448.0,-4287.63,1,0
17449.0,2504.86,279,2
17450.0,187482.17,351,3
17451.0,1648.95,107,0
17453.0,486.71999999999997,19,0
17454.0,517.53,61,0
17455.0,131.7,8,0
17456.0,249.86,17,0
17457.0,1737.7,19,0
17458.0,316.5,54,0
17459.0,657.3,111,0
17460.0,452.63,37,0
17461.0,757.46,111,0
17462.0,662.94,28,0
17463.0,1881.36,219,0
17464.0,289.96000000000004,9,0
17466.0,763.28,41,0
17468.0,137.0,5,0
17469.0,1843.06,90,0
17470.0,1125.07,78,0
17472.0,710.29,181,0
17475.0,194.37,14,0
17480.0,506.51,31,0
17481.0,1249.34,83,0
17483.0,414.04,21,0
17486.0,396.87,24,0
17489.0,376.64,29,0
17490.0,1926.8799999999999,86,0
17491.0,3541.92,110,0
17492.0,374.57,12,0
17495.0,497.56,27,0
17496.0,271.05,10,0
17498.0,272.22,17,0
17499.0,622.88,40,0
17500.0,1138.0,5,0
17501.0,288.6,18,0
17502.0,689.1,28,0
17503.0,558.96,38,0
17504.0,2745.2799999999997,140,0
17505.0,1145.84,52,0
17506.0,294.29,16,0
17507.0,605.58,88,0
17508.0,387.31,22,0
17509.0,6100.74,369,2
17510.0,308.48,20,0
17511.0,88125.38,1076,4
17512.0,2920.04,106,0
17513.0,513.2,6,0
17514.0,208.65,40,0
17515.0,639.02,87,0
17516.0,768.08,137,0
17517.0,153.94,11,0
17519.0,1839.07,83,0
17520.0,546.81,30,0
17521.0,721.9599999999999,46,0
17522.0,1070.71,73,0
17523.0,652.74,33,0
17524.0,145.0,6,0
17525.0,422.70000000000005,9,0
17526.0,706.7,23,0
17527.0,888.86,49,0
17528.0,3540.1,260,2
17530.0,2385.0,394,2
17531.0,293.45,15,0
17534.0,223.36,9,0
17535.0,164.4,13,0
17536.0,76.5,3,0
17537.0,897.62,75,0
17538.0,98.42,9,0
17540.0,570.4,26,0
17542.0,170.75,25,0
17545.0,645.96,145,0
17547.0,-11.8,2,0
17548.0,-141.48,17,0
17549.0,148.86,6,0
17550.0,267.16,42,0
17551.0,306.84,43,0
17552.0,909.96,51,0
17553.0,1487.6,2,0
17554.0,1952.45,88,0
17555.0,483.26,106,0
17556.0,157.9,6,0
17557.0,541.46,34,0
17560.0,854.95,27,0
17561.0,167.62,46,0
17562.0,1107.38,64,0
17564.0,454.01,49,0
17566.0,901.21,152,0
17567.0,4012.56,177,0
17569.0,344.14,29,0
17571.0,1498.51,299,2
17572.0,226.75000000000003,12,0
17573.0,362.9,26,0
17574.0,185.65,8,0
17576.0,3457.78,417,2
17578.0,124.74,6,0
17579.0,440.2,52,0
17580.0,215.72,45,0
17581.0,10736.11,452,2
17582.0,175.27,29,0
17584.0,1227.3,36,0
17585.0,1133.07,214,0
17588.0,1240.2,23,0
17589.0,2404.17,253,2
17590.0,1479.22,201,0
17591.0,2215.02,167,0
17593.0,3911.56,215,0
17594.0,993.18,50,0
17595.0,388.79,83,0
17596.0,2827.93,270,2
17597.0,2044.3700000000001,55,0
17600.0,161.67000000000002,13,0
17601.0,116.00999999999999,9,0
17602.0,5050.77,565,2
17603.0,-1165.3,15,0
17604.0,309.36,63,0
17608.0,193.42,59,0
17609.0,1103.92,238,0
17611.0,3947.87,582,2
17612.0,1992.76,142,0
17613.0,4509.37,319,2
17614.0,390.07,100,0
17615.0,329.6,14,0
17616.0,571.1999999999999,3,0
17618.0,971.58,78,0
17619.0,218.52,77,0
17620.0,81.44,4,0
17621.0,1336.1,27,0
17623.0,527.0500000000001,33,0
17624.0,843.48,50,0
17625.0,2047.0,315,2
17628.0,75.75,5,0
17629.0,1784.12,124,0
17630.0,503.59999999999997,26,0
17631.0,528.33,39,0
17633.0,1242.34,72,0
17634.0,2361.9700000000003,297,2
17636.0,265.93,24,0
17637.0,547.0600000000001,35,0
17639.0,108.5,7,0
17640.0,621.66,5,0
17642.0,712.29,40,0
17643.0,101.55,8,0
17644.0,2768.98,169,0
17646.0,995.6600000000001,54,0
17647.0,133.06,7,0
17648.0,1789.55,92,0
17649.0,861.74,53,0
17650.0,166.08,8,0
17651.0,3886.67,239,2
17652.0,4737.13,270,2
17653.0,1175.88,50,0
17654.0,117.55,22,0
17655.0,2571.7400000000002,93,0
17656.0,1674.69,82,0
17658.0,485.88,23,0
17659.0,2954.75,161,0
17660.0,196.0,45,0
17663.0,1788.27,90,0
17664.0,604.64,43,0
17666.0,728.16,18,0
17667.0,2055.51,117,0
17668.0,347.75,15,0
17669.0,3406.7200000000003,68,0
17670.0,205.7,11,0
17671.0,1284.08,61,0
17672.0,3106.62,115,0
17673.0,1622.22,228,0
17674.0,551.04,27,0
17675.0,20098.1,721,2
17676.0,1383.27,79,0
17677.0,16219.22,321,2
17678.0,298.11,16,0
17679.0,1992.1100000000001,30,0
17680.0,184.4,11,0
17682.0,2459.33,119,0
17684.0,239.41,15,0
17685.0,3191.53,130,0
17686.0,5739.46,286,2
17690.0,4748.45,258,2
17691.0,290.40000000000003,19,0
17692.0,733.4399999999999,47,0
17693.0,187.02,18,0
17694.0,283.12,15,0
17695.0,765.34,35,0
17696.0,2201.05,126,0
17697.0,338.95,19,0
17698.0,154.95,8,0
17700.0,2508.89,146,0
17701.0,417.95,24,0
17702.0,1719.72,80,0
17703.0,798.74,55,0
17704.0,885.19,31,0
17705.0,1781.12,108,0
17706.0,10097.37,395,2
17707.0,152.4,5,0
17708.0,267.08,35,0
17709.0,137.45,7,0
17711.0,385.1,23,0
17712.0,522.91,29,0
17714.0,153.0,10,0
17715.0,326.4,1,0
17716.0,5505.79,254,2
17718.0,139.35,6,0
17719.0,5367.8,278,2
17720.0,1195.94,50,0
17722.0,2380.64,120,0
17723.0,3276.4000000000005,10,0
17724.0,995.6500000000001,45,0
17725.0,3371.13,198,0
17727.0,1042.55,67,0
17728.0,2515.68,169,0
17730.0,5288.83,220,2
17731.0,878.2,83,0
17732.0,303.97,18,0
17733.0,692.19,35,0
17734.0,700.63,43,0
17735.0,13110.02,690,2
17736.0,337.49,26,0
17737.0,168.24,10,0
17738.0,1863.35,99,0
17739.0,2786.05,48,0
17742.0,355.11,15,0
17744.0,2291.08,137,0
17746.0,98.8,8,0
17747.0,64.65,2,0
17749.0,674.52,35,0
17750.0,1797.57,193,0
17752.0,80.64,1,0
17754.0,1739.92,93,0
17757.0,5585.49,742,2
17758.0,3456.7000000000003,412,2
17759.0,834.99,95,0
17760.0,287.59,25,0
17761.0,712.78,19,0
17763.0,15.0,1,0
17764.0,818.8199999999999,75,0
17765.0,371.88,57,0
17767.0,271.2,21,0
17768.0,2273.1800000000003,105,0
17769.0,3960.63,313,2
17770.0,1143.27,38,0
17771.0,245.81,54,0
17772.0,182.77,53,0
17774.0,1215.46,157,0
17775.0,56.4,3,0
17777.0,665.86,194,0
17779.0,642.17,84,0
17781.0,188.02,12,0
17783.0,283.47,67,0
17785.0,131.94,13,0
17786.0,278.74,72,0
17787.0,1865.19,134,0
17788.0,1117.9,5,0
17789.0,225.9,14,0
17790.0,1965.55,190,0
17791.0,106.1,10,0
17793.0,323.04,58,0
17795.0,350.39,46,0
17796.0,697.9,82,0
17797.0,780.43,111,0
17799.0,3026.08,410,2
17800.0,1199.01,104,0
17802.0,1251.84,147,0
17805.0,512.31,10,0
17806.0,546.04,43,0
17809.0,4627.62,64,0
17811.0,7677.71,872,2
17812.0,732.16,141,0
17813.0,1714.6,378,2
17816.0,36.56,17,0
17817.0,387.68,33,0
17819.0,3661.0699999999997,49,0
17820.0,-24.05,5,0
17824.0,298.4,13,0
17827.0,1995.46,220,0
17828.0,1599.97,82,0
17829.0,889.24,30,0
17830.0,398.7,23,0
17831.0,35.400000000000006,2,0
17832.0,155.37,61,0
17835.0,350.64,61,0
17836.0,110.21000000000001,24,0
17837.0,1560.53,172,0
17838.0,2312.7,137,0
17839.0,338.8,56,0
17841.0,40340.78,7983,1
17843.0,205.48,37,0
17844.0,51.559999999999995,5,0
17846.0,2033.1,1,0
17848.0,901.1999999999999,51,0
17849.0,605.8000000000001,26,0
17850.0,5288.63,312,2
17852.0,114.34,24,0
17854.0,311.26,15,0
17855.0,208.97,17,0
17856.0,1393.79,17,0
17857.0,26763.34,56,2
17858.0,5155.66,199,0
17859.0,148.21,25,0
17860.0,252.8,58,0
17861.0,2059.2,223,0
17862.0,330.9,11,0
17863.0,3160.0,148,0
17864.0,597.5,102,0
17865.0,10158.54,389,2
17866.0,325.7,10,0
17867.0,622.75,81,0
17869.0,428.18,40,0
17870.0,1889.4,280,2
17871.0,155.9,10,0
17873.0,1764.3600000000001,46,0
17874.0,658.26,47,0
17877.0,237.61,12,0
17878.0,379.45,26,0
17879.0,178.51999999999998,6,0
17880.0,458.92,26,0
17881.0,133.35000000000002,8,0
17883.0,671.77,145,0
17884.0,717.45,117,0
17885.0,190.19,64,0
17886.0,899.61,109,0
17887.0,111.35,10,0
17888.0,525.78,81,0
17889.0,203.87,21,0
17890.0,602.09,94,0
17891.0,203.85999999999999,34,0
17892.0,244.1,28,0
17893.0,112.25,16,0
17894.0,1119.81,193,0
17895.0,98.0,16,0
17896.0,256.32,2,0
17897.0,541.1,115,0
17898.0,152.06,28,0
17899.0,155.8,32,0
17900.0,15.0,11,0
17901.0,110.38,19,0
17904.0,178.92,39,0
17905.0,800.24,34,0
17906.0,72.9,12,0
17908.0,243.28,58,0
17911.0,366.23,39,0
17912.0,295.61,40,0
17913.0,411.6,59,0
17914.0,336.43,80,0
17917.0,341.28,94,0
17919.0,1304.04,23,0
17920.0,4204.1,696,2
17921.0,826.52,145,0
17923.0,207.50000000000003,1,0
17924.0,2894.33,38,0
17925.0,244.08,1,0
17926.0,397.29,21,0
17928.0,212.54,23,0
17929.0,834.5,6,0
17930.0,1740.48,39,0
17931.0,408.36,65,0
17932.0,1331.57,90,0
17934.0,704.25,21,0
17935.0,145.79,29,0
17936.0,389.84,77,0
17937.0,4301.22,43,0
17939.0,99.14,12,0
17940.0,1983.5800000000002,23,0
17941.0,304.56,2,0
17942.0,77.50000000000001,2,0
17946.0,149.57999999999998,20,0
17947.0,176.68,9,0
17948.0,358.56000000000006,1,0
17949.0,52750.84,79,4
17950.0,472.12,72,0
17951.0,990.8400000000001,21,0
17954.0,2295.37,489,2
17955.0,557.3,19,0
17956.0,12.75,1,0
17957.0,111.68,31,0
17958.0,508.4599999999999,7,0
17960.0,73.78,26,0
17961.0,1296.44,249,0
17962.0,102.83,35,0
17964.0,471.7,104,0
17965.0,2622.57,329,2
17966.0,1098.43,68,0
17967.0,123.07,48,0
17968.0,277.35,85,0
17969.0,228.2,14,0
17970.0,582.59,31,0
17972.0,136.04,31,0
17973.0,337.04,15,0
17974.0,740.79,179,0
17975.0,4393.61,297,2
17976.0,353.19,65,0
17977.0,288.14,21,0
17978.0,300.91999999999996,12,0
17979.0,737.81,147,0
17980.0,811.45,30,0
17984.0,152.68,48,0
17985.0,634.95,23,0
17986.0,20.8,1,0
17987.0,198.57,13,0
17988.0,191.17000000000002,39,0
17990.0,630.84,29,0
17991.0,93.35,5,0
17994.0,629.6899999999999,84,0
17995.0,76.1,2,0
17997.0,1511.3,180,0
17999.0,382.06,93,0
18001.0,417.23,58,0
18004.0,169.47,40,0
18005.0,249.72,60,0
18006.0,444.68,22,0
18008.0,2116.19,30,0
18009.0,252.24,33,0
18010.0,174.8,14,0
18011.0,102.78999999999999,28,0
18013.0,187.29,31,0
18014.0,166.42,32,0
18015.0,120.03,46,0
18016.0,1483.56,123,0
18017.0,523.0,3,0
18018.0,122.14,29,0
18019.0,38.45,5,0
18022.0,668.11,191,0
18024.0,236.77999999999997,22,0
18027.0,115.31,21,0
18030.0,220.7,10,0
18032.0,73.5,5,0
18033.0,97.97,34,0
18034.0,422.88,112,0
18035.0,730.4,53,0
18036.0,405.62,96,0
18037.0,70.02,19,0
18040.0,357.20000000000005,19,0
18041.0,4161.14,474,2
18042.0,165.04999999999998,7,0
18043.0,559.51,121,0
18044.0,2085.65,128,0
18045.0,189.4,47,0
18048.0,172.29000000000002,7,0
18050.0,74.4,5,0
18053.0,297.07,21,0
18055.0,6752.14,363,2
18056.0,363.65,19,0
18058.0,170.16,3,0
18059.0,296.71,21,0
18061.0,2119.41,46,0
18062.0,720.52,27,0
18064.0,814.0,7,0
18065.0,2380.08,138,0
18066.0,318.0,10,0
18067.0,396.33,37,0
18068.0,101.69999999999999,1,0
18069.0,2021.82,472,2
18071.0,453.0,25,0
18072.0,-5.329070518200751e-15,36,0
18073.0,3864.44,76,0
18074.0,489.6,13,0
18075.0,2538.7200000000003,153,0
18077.0,2633.0099999999998,227,0
18078.0,336.13,29,0
18079.0,3651.97,127,0
18080.0,1231.5,2,0
18081.0,343.45,17,0
18082.0,703.37,73,0
18084.0,87.52999999999999,2,0
18085.0,689.95,29,0
18086.0,101.34,7,0
18087.0,3770.1199999999994,7,0
18088.0,167.67000000000002,39,0
18092.0,9065.76,90,0
18093.0,2083.42,38,0
18094.0,3017.3,70,0
18095.0,580.0500000000001,21,0
18096.0,911.15,213,0
18097.0,2692.85,109,0
18099.0,168.31,19,0
18101.0,223.65,41,0
18102.0,256438.49,433,3
18104.0,754.64,38,0
18105.0,113.48000000000002,18,0
18106.0,430.7,39,0
18108.0,264.65,19,0
18109.0,7925.32,454,2
18110.0,206.05,49,0
18112.0,352.69,26,0
18113.0,76.32000000000001,1,0
18114.0,220.1,28,0
18116.0,1418.03,378,2
18117.0,320.72,74,0
18118.0,5595.77,1284,2
18119.0,181.12,30,0
18120.0,111.15,17,0
18121.0,673.1,32,0
18122.0,1826.21,364,2
18123.0,589.4399999999999,36,0
18125.0,1141.34,197,0
18126.0,206.82999999999998,56,0
18127.0,348.73,47,0
18129.0,112.55000000000001,14,0
18130.0,1045.74,71,0
18133.0,715.4999999999999,2,0
18135.0,681.9100000000001,20,0
18136.0,761.83,39,0
18138.0,152.65,8,0
18139.0,8393.22,162,2
18141.0,-35.400000000000006,1,0
18142.0,1014.9,18,0
18143.0,1000.16,61,0
18144.0,2888.75,43,0
18145.0,2861.55,221,0
18146.0,160.35000000000002,10,0
18147.0,179.33999999999997,7,0
18149.0,612.0799999999999,16,0
18150.0,566.58,37,0
18151.0,653.35,38,0
18154.0,399.19,21,0
18155.0,347.82,28,0
18156.0,734.94,140,0
18158.0,451.75,35,0
18159.0,530.15,23,0
18160.0,638.0600000000001,39,0
18161.0,1612.79,81,0
18164.0,394.7,25,0
18165.0,302.46000000000004,10,0
18167.0,1355.51,43,0
18168.0,1133.64,140,0
18169.0,202.65,9,0
18170.0,980.31,38,0
18171.0,1208.51,56,0
18172.0,7490.17,197,2
18173.0,2106.84,31,0
18174.0,104.0,1,0
18176.0,448.65,33,0
18177.0,1314.17,75,0
18178.0,1573.41,99,0
18179.0,1793.17,90,0
18180.0,1843.75,119,0
18181.0,382.8,44,0
18183.0,600.52,44,0
18184.0,49.8,1,0
18185.0,304.25,17,0
18188.0,1998.49,72,0
18189.0,1084.34,69,0
18190.0,274.51,16,0
18191.0,207.79999999999998,7,0
18192.0,957.97,45,0
18193.0,212.96,18,0
18194.0,896.0,9,0
18196.0,689.13,141,0
18198.0,5083.06,166,0
18200.0,163.8,32,0
18202.0,1396.99,68,0
18203.0,160.42000000000002,19,0
18204.0,1979.3,202,0
18205.0,517.36,32,0
18209.0,139.10000000000002,8,0
18210.0,2621.38,134,0
18211.0,600.07,42,0
18212.0,248.42,43,0
18213.0,232.48000000000002,15,0
18215.0,299.34000000000003,13,0
18216.0,481.75,26,0
18217.0,621.75,31,0
18218.0,626.38,24,0
18219.0,2019.77,115,0
18220.0,297.78000000000003,4,0
18221.0,1033.31,65,0
18222.0,443.0,19,0
18223.0,6315.2300000000005,299,2
18224.0,158.95000000000002,10,0
18225.0,5361.02,286,2
18226.0,5192.1,245,2
18227.0,93.75,5,0
18228.0,769.2,32,0
18229.0,7276.900000000001,164,0
18230.0,2716.6000000000004,89,0
18231.0,2066.17,126,0
18232.0,582.47,40,0
18233.0,440.0,1,0
18235.0,1796.48,104,0
18236.0,882.24,49,0
18237.0,987.1,61,0
18239.0,1561.6100000000001,88,0
18240.0,422.58,6,0
18241.0,2058.09,105,0
18242.0,2232.4900000000002,78,0
18245.0,2507.56,177,0
18246.0,596.1,4,0
18248.0,783.02,49,0
18249.0,95.34,8,0
18250.0,342.92,22,0
18251.0,4314.72,16,0
18252.0,526.67,98,0
18255.0,103.3,6,0
18256.0,-50.1,4,0
18257.0,2265.38,123,0
18259.0,2338.6000000000004,42,0
18260.0,2595.0,140,0
18261.0,324.24,21,0
18262.0,149.48,13,0
18263.0,1211.08,62,0
18265.0,801.51,46,0
18268.0,0.0,2,0
18269.0,138.9,8,0
18270.0,238.95000000000002,13,0
18272.0,3064.78,170,0
18273.0,204.0,3,0
18274.0,1.7763568394002505e-15,22,0
18276.0,323.36,16,0
18277.0,97.63,9,0
18278.0,173.9,9,0
18280.0,180.60000000000002,10,0
18281.0,80.82,7,0
18282.0,176.6,13,0
18283.0,2094.88,756,2
18287.0,1837.28,70,0
